hit_id,colloc,adv,adj,sent_text,sent_id,adv_index
nyt_eng_19940702_0249_2:8,ever_impossible,ever,impossible,One U.S. player knows that nothing is ever impossible when it comes to beating Brazil in the World Cup .,nyt_eng_19940702_0249_2,8
nyt_eng_19940714_0341_20:3,as_important,as,important,Nothing is as important as that .  -RDQ-,nyt_eng_19940714_0341_20,3
nyt_eng_19940715_0141_3:17,as_good,as,good,"-LBQ-  I watched this gorgeous spectacle and thought ` I 'm sunk , nothing could be as good as this , '  -RDQ-  Buckley says .",nyt_eng_19940715_0141_3,17
nyt_eng_19940721_0079_21:47,remotely_believable,remotely,believable,"Still , Lena 's credibility is n't nearly as bankrupt as this movie 's ; there is simply no way any of this flies farther than a paper airplane made of transparent tissue , because nothing in the script , the characters or the situation is remotely believable .",nyt_eng_19940721_0079_21,47
nyt_eng_19940722_0223_3:16,too_good,too,good,You 've just joined the rapidly growing pack of pet owners who think nothing is too good for their dogs .,nyt_eng_19940722_0223_3,16
nyt_eng_19940803_0110_32:3,so_innocent,so,innocent,"Nothing is so innocent , so trivial or , for that matter , so important that it can be exempted from their scrutiny .",nyt_eng_19940803_0110_32,3
nyt_eng_19940820_0132_17:3,really_wrong,really,wrong,"Nothing was really wrong with Janet , except that she was older , wiser and more worldly .",nyt_eng_19940820_0132_17,3
nyt_eng_19940823_0242_33:20,monumentally_stupid,monumentally,stupid,"It is so laughably awful that you begin to believe you 're hallucinating , that nothing could be as monumentally stupid as what is being played out on screen .",nyt_eng_19940823_0242_33,20
nyt_eng_19940824_0112_13:3,too_lowly,too,lowly,"Nothing is too lowly to be transformed by Ms. Culot 's vision of simple beauty , even the shirts , gloves and belts crammed behind the doors of a cabinet .",nyt_eng_19940824_0112_13,3
nyt_eng_19940826_0011_35:3,too_stupid,too,stupid,Nothing 's too stupid to bring up .,nyt_eng_19940826_0011_35,3
nyt_eng_19940826_0200_7:3,strikingly_new,strikingly,new,Nothing is strikingly new here but it is a crisp lively mix .,nyt_eng_19940826_0200_7,3
nyt_eng_19940829_0273_8:7,too_terrible,too,terrible,"Nothing , it seems , is too terrible for Americans to laugh at .",nyt_eng_19940829_0273_8,7
nyt_eng_19940902_0256_8:12,very_long,very,long,"In television land , nothing is forever -- or even for very long .",nyt_eng_19940902_0256_8,12
nyt_eng_19940909_0300_22:10,too_good,too,good,-LBQ-  They are treated as family and nothing is too good for them .  -RDQ-,nyt_eng_19940909_0300_22,10
nyt_eng_19940916_0311_36:17,quite_fine,quite,fine,"He writes that he really rather not work , to be paid for doing nothing is quite fine with him .",nyt_eng_19940916_0311_36,17
nyt_eng_19940921_0049_18:3,so_vital,so,vital,"Nothing is so vital to the development of an expansion franchise as the handling of its pitchers , and when Marcel Lachemann left , the loss was great .",nyt_eng_19940921_0049_18,3
nyt_eng_19940923_0308_14:38,truly_impossible,truly,impossible,"Most of them acknowledge that they can not , though a few say that given the strange ways Congress behaves , especially in the chaos of the end of the session , nothing that seems illogical is truly impossible .",nyt_eng_19940923_0308_14,38
nyt_eng_19940924_0002_14:4,particularly_good,particularly,good,"Nothing has been particularly good , few things all that bad .",nyt_eng_19940924_0002_14,4
nyt_eng_19941013_0243_10:4,precisely_amiss,precisely,amiss,"Although nothing is precisely amiss at the start of this intricate new  -LBQ-  Nightmare ,  -RDQ-  the film is loaded with warning signals , like the fake Freddy Krueger hand that flexes its claws unexpectedly and seems to have a mind of its own .",nyt_eng_19941013_0243_10,4
nyt_eng_19941017_0274_4:25,as_rewarding,as,rewarding,"-LBQ-  I 've coached some of the greatest athletes in the National Football League ,  -RDQ-  he says ,  -LBQ-  but nothing has been as rewarding as working with a young man named John .  -RDQ-",nyt_eng_19941017_0274_4,25
nyt_eng_19941024_0304_28:8,ever_static,ever,static,"Nothing , in other words , is ever static .",nyt_eng_19941024_0304_28,8
nyt_eng_19941025_0159_17:20,too_good,too,good,"Walkup clung to two basic beliefs  -COL-   -LBQ-  A deal is a deal , -LRB- and -RRB- nothing is too good for a friend .  -RDQ-",nyt_eng_19941025_0159_17,20
nyt_eng_19941025_0206_5:10,as_polite,as,polite,Nothing else about  -LBQ-  The Last Seduction  -RDQ-  is as polite or colorless as its title .,nyt_eng_19941025_0206_5,10
nyt_eng_19941111_0052_32:3,too_mean,too,mean,Nothing is too mean or low for him to condescend to to secretly carry his cowardly and base purposes of slander into effect .,nyt_eng_19941111_0052_32,3
nyt_eng_19941111_0138_5:9,very_pure,very,pure,"-LBQ-  But in Miami Beach , nothing is very pure , none of this is authentic ,  -RDQ-  he says .",nyt_eng_19941111_0138_5,9
nyt_eng_19941118_0217_8:18,daringly_black,daringly,black,"-LBQ-  Ralph Lauren has used black models here and there , but nothing has ever been as daringly black as that Polo ad ,  -RDQ-  Ms. Golden said .",nyt_eng_19941118_0217_8,18
nyt_eng_19941120_0052_19:4,ever_dull,ever,dull,So nothing is ever dull in  -LBQ-  Family .  -RDQ-,nyt_eng_19941120_0052_19,4
nyt_eng_19941122_0396_14:18,remotely_germanic,remotely,germanic,The intimations of Nazism are jarringly out of place in a movie in which nothing else is remotely Germanic .,nyt_eng_19941122_0396_14,18
nyt_eng_19941127_0091_1:5,as_dramatic,as,dramatic,"Probably nothing has been as dramatic during this time , however , as the turnaround of Woman 's Day .",nyt_eng_19941127_0091_1,5
nyt_eng_19941128_0309_41:4,really_pure,really,pure,But nothing is really pure .,nyt_eng_19941128_0309_41,4
nyt_eng_19941205_0021_26:24,too_much,too,much,"He talked a little robotically about doing his job , that playing Sunday was just business , that nothing about the game was too much out of the ordinary -LRB- indeed , as several of his teammates almost too eagerly pointed out  -COL-   -LBQ-  Hey , we 've played this bad before  -RDQ-  -RRB- .",nyt_eng_19941205_0021_26,24
nyt_eng_19941207_0232_45:6,ever_over,ever,over,"Then again , nothing is ever over for me .",nyt_eng_19941207_0232_45,6
nyt_eng_19941208_0069_3:8,as_good,as,good,"Now , nothing I make is ever as good as the fudge that Fort Worth Star-Telegram photographer Milton Adams stirs up by the ton and gives as Christmas gifts .",nyt_eng_19941208_0069_3,8
nyt_eng_19941208_0129_1:3,as_heartbreaking,as,heartbreaking,"Nothing is as heartbreaking as the death of a beloved child , and it is not difficult to see what attracted Marlo Thomas to  -LBQ-  Points of Light ,  -RDQ-  Linda Gray Sexton 's novel about a mother dealing with the death of a 5-year-old son who dies suddenly .",nyt_eng_19941208_0129_1,3
nyt_eng_19941221_0164_58:6,ever_over,ever,over,"Then again , nothing is ever over for me .  -RDQ-",nyt_eng_19941221_0164_58,6
nyt_eng_19941226_0002_51:21,as_enlightening,as,enlightening,"And while he has read a great deal on the strategy and teaching of the game , nothing has been as enlightening as his time as a coach .",nyt_eng_19941226_0002_51,21
nyt_eng_19950108_0131_9:3,so_outrageous,so,outrageous,Nothing is so outrageous that they should n't be willing to move .  -RDQ-,nyt_eng_19950108_0131_9,3
nyt_eng_19950111_0292_5:25,truly_foreign,truly,foreign,"But the 75-year-old gongs from Wuhan , China , that dominate the entrance to the Lovano loft suggest that nothing that produces tones is truly foreign to him .",nyt_eng_19950111_0292_5,25
nyt_eng_19950116_0286_3:4,seriously_wrong,seriously,wrong,"-LBQ-  Nothing was seriously wrong with her , but it was an exceptional year for 3-year-old fillies , and I did n't see any point in pushing her ,  -RDQ-  said Ellis , who rested Key Phrase until December .",nyt_eng_19950116_0286_3,4
nyt_eng_19950119_0018_19:4,really_wrong,really,wrong,-LBQ-  Nothing 's really wrong .,nyt_eng_19950119_0018_19,4
nyt_eng_19950120_0385_28:7,as_advanced,as,advanced,"Nothing else in the world was as advanced as MUSE , which had been under development since the late 1960s .",nyt_eng_19950120_0385_28,7
nyt_eng_19950121_0100_19:9,that_hilarious,that,hilarious,"Nothing in  -LBQ-  Pig Sty  -RDQ-  is all that hilarious , in part because the premise is so implausible .",nyt_eng_19950121_0100_19,9
nyt_eng_19950126_0333_22:5,as_succinct,as,succinct,But perhaps nothing is as succinct as the instructions used in France .,nyt_eng_19950126_0333_22,5
nyt_eng_19950130_0490_29:4,as_axiomatic,as,axiomatic,But nothing is as axiomatic as the assumption that the news media are just too darn cynical .,nyt_eng_19950130_0490_29,4
nyt_eng_19950208_0147_48:13,too_important,too,important,"Nothing against you , Old Man , but the first-in-the-nation primary is too important to be forever etched in granite .",nyt_eng_19950208_0147_48,13
nyt_eng_19950215_0118_38:16,so_disastrous,so,disastrous,"We do n't have to imitate them or mimic them -- I think nothing is so disastrous as that -- but to hear it , to love it , to appreciate where it came from .  -RDQ-",nyt_eng_19950215_0118_38,16
nyt_eng_19950221_0409_33:40,as_important,as,important,"It has been hard to convince people in Russia that advertisements for cigarettes or alcohol can make much difference in the nation 's health , even though in the West public health leaders often say that nothing has been as important in changing habits and reducing disease rates .",nyt_eng_19950221_0409_33,40
nyt_eng_19950221_0421_2:15,as_simple,as,simple,"But when it comes to saving money in Washington , nothing is ever quite as simple as it seems .",nyt_eng_19950221_0421_2,15
nyt_eng_19950227_0456_10:4,politically_right,politically,right,"-LBQ-  Nothing is politically right if it 's morally wrong ,  -RDQ-  Cunningham said .",nyt_eng_19950227_0456_10,4
nyt_eng_19950315_0068_40:3,that_bad,that,bad,Nothing 's that bad .  -RDQ-,nyt_eng_19950315_0068_40,3
nyt_eng_19950321_0361_18:6,that_simple,that,simple,But nothing involving Microsoft is that simple .,nyt_eng_19950321_0361_18,6
nyt_eng_19950405_0234_24:5,obviously_exploitative,obviously,exploitative,"Nothing could be more obviously exploitative , not to say lying , though in Shahn 's defense it must be said that he did not catch people off guard in order to belittle them .",nyt_eng_19950405_0234_24,5
nyt_eng_19950414_0189_1:3,too_taxing,too,taxing,"Nothing is too taxing about these incoming video editions , with  -LBQ-  The Shawshank Redemption  -RDQ-  accounting for the most generous returns of the lot .",nyt_eng_19950414_0189_1,3
nyt_eng_19950425_0137_17:3,any_good,any,good,Nothing is any good .,nyt_eng_19950425_0137_17,3
nyt_eng_19950426_0503_5:27,as_beautiful,as,beautiful,"She had come to Washington to campaign before Congress against the colorization of movies , which seemed appropriate , since nothing filmed in color was ever as beautiful as the sight of Ginger Rogers in a feathery gown spinning through a black and white Art Deco moonscape with Fred Astaire .",nyt_eng_19950426_0503_5,27
nyt_eng_19950502_0218_38:3,ever_good,ever,good,Nothing is ever good enough .  -RDQ-,nyt_eng_19950502_0218_38,3
nyt_eng_19950510_0345_38:5,potentially_dangerous,potentially,dangerous,-LBQ-  Nothing is more potentially dangerous than having all those law enforcement functions in one agency .  -RDQ-,nyt_eng_19950510_0345_38,5
nyt_eng_19950517_0484_14:5,that_simple,that,simple,"Nothing involving AIDS is that simple , however .",nyt_eng_19950517_0484_14,5
nyt_eng_19950527_0050_33:25,too_stupid,too,stupid,"Barleycorn , a  -LBQ-  brewspaper  -RDQ-  based in Falls Church , Va. , offers  -LBQ-  Ask the Beer Geek  -RDQ-  -LRB-  -LBQ-  Nothing 's too stupid to ask the Beer Geek  -RDQ-  -RRB- .",nyt_eng_19950527_0050_33,25
nyt_eng_19950529_0222_14:23,as_high-profile,as,high-profile,"But , as Annabel Betz , an economist at Baring Securities -LRB- Hong Kong -RRB- Ltd. , noted ,  -LBQ-  Nothing is as high-profile as Subic .  -RDQ-",nyt_eng_19950529_0222_14,23
nyt_eng_19950531_0231_25:3,ever_inevitable,ever,inevitable,Nothing is ever inevitable in human history .,nyt_eng_19950531_0231_25,3
nyt_eng_19950601_0532_28:3,ever_good,ever,good,Nothing was ever good enough for them .,nyt_eng_19950601_0532_28,3
nyt_eng_19950605_0332_34:8,ever_easy,ever,easy,"Several of the reasons that nothing is ever easy are explored in Thomas K. Landauer 's  -LBQ-  The Trouble With Computers  -COL-  Usefulness , Usability and Productivity  -RDQ-  -LRB- MIT Press ; $ 27.50 -RRB- .",nyt_eng_19950605_0332_34,8
nyt_eng_19950610_0044_24:5,so_intense,so,intense,But nothing could be so intense or passionate as your first love .  -RDQ-,nyt_eng_19950610_0044_24,5
nyt_eng_19950616_0189_8:5,politically_beneficial,politically,beneficial,-LBQ-  Nothing is more politically beneficial to a French leader than when the French people think the rest of the world is ganging up on them .  -RDQ-,nyt_eng_19950616_0189_8,5
nyt_eng_19950619_0656_10:4,yet_over,yet,over,"While nothing is yet over , Chernymordin has seized the imagination of a nation that is absolutely sick of politicians .",nyt_eng_19950619_0656_10,4
nyt_eng_19950623_0001_13:27,even_close,even,close,"If football fans and politicians in Oakland and Los Angeles have learned anything over the past 10 years , however , it is that nothing is even close to final until Davis signs on the dotted line .",nyt_eng_19950623_0001_13,27
nyt_eng_19950626_0093_23:24,really_critical,really,critical,"A lot of this is virtually impossible on one foot , but after all we 're only roughing out , so nothing is really critical .",nyt_eng_19950626_0093_23,24
nyt_eng_19950626_0641_48:7,very_close,very,close,"Out of Zapata , nothing is very close .",nyt_eng_19950626_0641_48,7
nyt_eng_19950630_0289_24:12,as_traumatizing,as,traumatizing,"Still , nothing in  -LBQ-  Mighty Morphin Power Rangers  -RDQ-  is as traumatizing as even the briefest TV newsreel clips of Oklahoma City or Bosnia .",nyt_eng_19950630_0289_24,12
nyt_eng_19950703_0501_23:6,too_mundane,too,mundane,"In fact , nothing is too mundane for the Internet .",nyt_eng_19950703_0501_23,6
nyt_eng_19950710_0294_4:19,ever_whispery,ever,whispery,"In truth , nothing about the typewriter _ that instrument of low tech and high art _ was ever whispery .",nyt_eng_19950710_0294_4,19
nyt_eng_19950721_0330_27:3,too_complex,too,complex,"Nothing is too complex to throw into the mix , from literary metaphors to historic facts .",nyt_eng_19950721_0330_27,3
nyt_eng_19950802_0672_22:6,ever_likely,ever,likely,"After all , nothing is ever likely to shock Saberhagen more than that infamous December night in 1991 when the Royals stunned him and most of Kansas City by trading him to the Mets along with Bill Pecota for Kevin McReynolds , Gregg Jefferies and Keith Miller .",nyt_eng_19950802_0672_22,6
nyt_eng_19950803_0378_21:11,outrageously_expensive,outrageously,expensive,"However , nothing that is being reinvented here would be outrageously expensive , assert those involved .",nyt_eng_19950803_0378_21,11
nyt_eng_19950805_0121_42:6,as_harmful,as,harmful,Nothing they contain can be as harmful as the suspicion that a dirty secret remains sealed in the archives .,nyt_eng_19950805_0121_42,6
nyt_eng_19950807_0428_7:26,as_effective,as,effective,"-LBQ-  Over the years , there have been periodic attempts to tighten up the rules ,  -RDQ-  he said ,  -LBQ-  but nothing has been as effective as this .  -RDQ-",nyt_eng_19950807_0428_7,26
nyt_eng_19950810_0403_1:16,politically_offensive,politically,offensive,"Of all the legislative outrages pursued by the runaway Republican Congress , nothing is more politically offensive than the GOP 's campaign to add old folks to its long list of non-rich , non-GOP contributors it means to punish .",nyt_eng_19950810_0403_1,16
nyt_eng_19950811_0483_36:4,as_foreboding,as,foreboding,Nothing can be as foreboding as a heavily laden legislative train headed down untested tracks .,nyt_eng_19950811_0483_36,4
nyt_eng_19950815_0135_20:3,as_wonderful,as,wonderful,Nothing is as wonderful for the child and as easy on the parents as a stack of mailers all addressed and ready to go into the mailbox .,nyt_eng_19950815_0135_20,3
nyt_eng_19950815_0432_45:17,completely_good,completely,good,"There is no such thing as complete freedom , just as nothing in the world is completely good or completely bad .",nyt_eng_19950815_0432_45,17
nyt_eng_19950816_0683_39:14,as_important,as,important,Mrs. Hobby 's reason for leaving Washington was straightforward  -COL-   -LBQ-  Nothing is as important as Governor .  -RDQ-,nyt_eng_19950816_0683_39,14
nyt_eng_19950827_0103_18:11,as_important,as,important,"The regional governor , Yevgeny Nazdratenko , says nothing is as important to him as attracting international business .",nyt_eng_19950827_0103_18,11
nyt_eng_19950829_0321_18:3,ever_simple,ever,simple,"Nothing is ever simple , especially one 's own feelings and one 's own fears .",nyt_eng_19950829_0321_18,3
nyt_eng_19950829_0504_23:3,too_small,too,small,Nothing was too small to be turned into a competition .,nyt_eng_19950829_0504_23,3
nyt_eng_19950831_0513_5:5,solid_perfect,solid,perfect,"While nothing is dead solid perfect , those who did the deal believe it 's about as close to a free lunch as Kansas City is ever likely to get .",nyt_eng_19950831_0513_5,5
nyt_eng_19950901_0504_1:3,as_exciting,as,exciting,Nothing is as exciting as the Omnimax Serengeti movie _ not even the Serengeti .,nyt_eng_19950901_0504_1,3
nyt_eng_19950909_0609_33:5,ever_simple,ever,simple,-LBQ-  But nothing is ever simple with high school football in Texas .  -RDQ-,nyt_eng_19950909_0609_33,5
nyt_eng_19950911_0274_35:4,as_difficult,as,difficult,"And nothing is as difficult to open , or as frustrating , as a CD case .",nyt_eng_19950911_0274_35,4
nyt_eng_19950912_0114_18:10,racially_motivated,racially,motivated,"Not true , Carroll said  -COL-   -LBQ-  Nothing is racially motivated .",nyt_eng_19950912_0114_18,10
nyt_eng_19950925_0022_44:9,as_stupefying,as,stupefying,And nothing in sports right now is quite as stupefying as the ride of the Seattle Mariners .,nyt_eng_19950925_0022_44,9
nyt_eng_19950928_0055_3:10,seriously_wrong,seriously,wrong,"The good news for Young is that nothing is seriously wrong with his right knee , which was injured on the same play near the end of Monday night 's game agains the Lions .",nyt_eng_19950928_0055_3,10
nyt_eng_19951008_0071_71:12,seriously_wrong,seriously,wrong,Q  -COL-  But Police Chief Willie Williams has said nothing is seriously wrong with the LAPD 's lab ?,nyt_eng_19951008_0071_71,12
nyt_eng_19951010_0265_6:3,that_depressed,that,depressed,"Nothing is that depressed ,  -RDQ-  said Jon R. Hickman , head of the growth fund at Wells Fargo & Co. , which manages $ 1 billion .",nyt_eng_19951010_0265_6,3
nyt_eng_19951016_0030_6:21,much_different,much,different,"But with the Chiefs scoring 21 points in the second quarter to take a 24-10 halftime lead , nothing was much different , after all .",nyt_eng_19951016_0030_6,21
nyt_eng_19951017_0010_13:5,truly_equal,truly,equal,"However , nothing was truly equal in the minds of many blacks .",nyt_eng_19951017_0010_13,5
nyt_eng_19951019_0185_4:3,too_trivial,too,trivial,"Nothing is too trivial , it seems , or too far-fetched to be compared with the devil incarnate .",nyt_eng_19951019_0185_4,3
nyt_eng_19951019_0580_4:26,so_important,so,important,"Both sides tailored their arguments to fit the public 's view , as expressed in opinion polls , that almost nothing the government does is so important as sustaining Medicare .",nyt_eng_19951019_0580_4,26
nyt_eng_19951024_0398_28:4,as_simple,as,simple,-LBQ-  Nothing is as simple as it may seem when it comes to politics in Washington these days .  -RDQ-,nyt_eng_19951024_0398_28,4
nyt_eng_19951025_0240_20:40,as_interesting,as,interesting,"Through death , divorce and a seance in a cemetery , the girls learn most of the lessons that will supposedly guide them through life , but the truth is that nothing that happens in this movie is half as interesting as the girls ' performances .",nyt_eng_19951025_0240_20,40
nyt_eng_19951026_0022_32:17,nearly_undecipherable,nearly,undecipherable,Doing so close to nothing that the space between what he 's doing and nothing is nearly undecipherable .,nyt_eng_19951026_0022_32,17
nyt_eng_19951030_0837_2:16,so_revolting,so,revolting,Then this  -COL-   -LBQ-  Nothing I have ever seen in Art or Nature was quite so revolting .  -RDQ-,nyt_eng_19951030_0837_2,16
nyt_eng_19951031_0128_2:16,so_revolting,so,revolting,Then this  -COL-   -LBQ-  Nothing I have ever seen in Art or Nature was quite so revolting .  -RDQ-,nyt_eng_19951031_0128_2,16
nyt_eng_19951031_0475_11:29,too_intimate,too,intimate,"Under the proddings of their masters and mistresses of ceremonies _ Jenny or Jerry or Sally or Ricki or whoever _ the participants tell all ; nothing is too intimate to spill , and they are grimly , hilariously earnest about spilling it .",nyt_eng_19951031_0475_11,29
nyt_eng_19951102_0158_2:10,too_outlandish,too,outlandish,"Gambling , sex , Wayne Newton _ nothing is too outlandish .",nyt_eng_19951102_0158_2,10
nyt_eng_19951102_0673_58:6,as_painful,as,painful,"Still , nothing could be as painful as last season .",nyt_eng_19951102_0673_58,6
nyt_eng_19951109_0207_19:20,too_wonderful,too,wonderful,"Truth is stranger than fiction , he discovers , for as Michael Faraday once observed ,  -LBQ-  Nothing is too wonderful to be true .  -RDQ-",nyt_eng_19951109_0207_19,20
nyt_eng_19951109_0468_19:3,too_intimate,too,intimate,Nothing is too intimate or too vicious to be out of bounds .,nyt_eng_19951109_0468_19,3
nyt_eng_19951130_0698_14:4,really_safe,really,safe,"But nothing was really safe without money , and this was as absent in the Ruelases ' lives as shoes once had been .",nyt_eng_19951130_0698_14,4
nyt_eng_19951211_0545_22:7,really_whole,really,whole,"-LBQ-  Nothing except the church is really whole , and nothing else has any roots in our own culture or historical experience .  -RDQ-",nyt_eng_19951211_0545_22,7
nyt_eng_19951214_0516_32:11,that_simple,that,simple,"But in the muddy politics of abortion , nothing is that simple .",nyt_eng_19951214_0516_32,11
nyt_eng_19951216_0197_19:4,ever_easy,ever,easy,"-LBQ-  Nothing is ever easy in Haiti ,  -RDQ-  one foreign official here said ,  -LBQ-  and it would be foolish for anyone to think this succession is going to be an exception .",nyt_eng_19951216_0197_19,4
nyt_eng_19951230_0006_1:33,psychologically_wrong,psychologically,wrong,"When the New York Knicks arrived at the USAir Arena Friday night , Patrick Ewing 's right ankle was in a brace , and Don Nelson was assuring everyone that nothing was psychologically wrong with the team .",nyt_eng_19951230_0006_1,33
nyt_eng_19951230_0174_4:24,so_simple,so,simple,"But when it comes to smut on the Internet , and questions of how to police community standards in cyberspace , nothing is so simple .",nyt_eng_19951230_0174_4,24
nyt_eng_19951231_0030_13:4,ever_able,ever,able,But nothing was ever able to stop the cigarette companies from targeting young people with their advertising .,nyt_eng_19951231_0030_13,4
nyt_eng_19960111_0337_21:8,remotely_similar,remotely,similar,Nothing on free TV today is even remotely similar .,nyt_eng_19960111_0337_21,8
nyt_eng_19960117_0753_30:23,as_important,as,important,"I saw the movie ` Nixon ' the other day , and it made me realize that nothing in this world is as important to a man as his own reputation .  -RDQ-",nyt_eng_19960117_0753_30,23
nyt_eng_19960123_0739_9:11,ever_simple,ever,simple,"When it involves Muller and the Islanders , nothing is ever simple .",nyt_eng_19960123_0739_9,11
nyt_eng_19960126_0546_2:11,ever_simple,ever,simple,"And while many economists expect just that , nothing is ever simple with the Federal Reserve .",nyt_eng_19960126_0546_2,11
nyt_eng_19960201_0644_13:4,that_bad,that,bad,Nothing now is that bad .,nyt_eng_19960201_0644_13,4
nyt_eng_19960201_0750_35:7,that_easy,that,easy,Of course nothing in racing is that easy .,nyt_eng_19960201_0750_35,7
nyt_eng_19960202_0216_4:3,ever_good,ever,good,"Nothing is ever good enough , and that 's always someone else 's fault .",nyt_eng_19960202_0216_4,3
nyt_eng_19960209_0779_21:9,too_outlandish,too,outlandish,"Spin the plotting wheel , and nothing is too outlandish for this series .",nyt_eng_19960209_0779_21,9
nyt_eng_19960212_0417_1:3,as_exhilarating,as,exhilarating,"Nothing is as exhilarating as waking up to full-blown sweeps of snow _ and nothing more forlorn than two days later , when those last few icy patches that were pristine chalky sheets , blinding in their brightness then , now lie dirty with slush and mixed-in mud .",nyt_eng_19960212_0417_1,3
nyt_eng_19960214_0076_20:4,really_pure,really,pure,"-LBQ-  Nothing is really pure ,  -RDQ-  she said .",nyt_eng_19960214_0076_20,4
nyt_eng_19960216_0129_40:13,as_important,as,important,Nothing Warren Moon could ever do on a football field would be as important or as meaningful as this .,nyt_eng_19960216_0129_40,13
nyt_eng_19960220_0553_5:27,so_wrong,so,wrong,"Played with intentionally painful earnestness by Michael Gross -LRB-  -LBQ-  Family Ties  -RDQ-  -RRB- , Fleiss is the kind of man who believes that nothing is so wrong that it ca n't be fixed , that children are spoiled by too little attention , not too much .",nyt_eng_19960220_0553_5,27
nyt_eng_19960226_0287_20:12,too_wild,too,wild,"-LBQ-  But in that part of the world , nothing is too wild to become reality , sooner or later .  -RDQ-",nyt_eng_19960226_0287_20,12
nyt_eng_19960229_0247_33:3,too_low,too,low,Nothing was too low for him .,nyt_eng_19960229_0247_33,3
nyt_eng_19960303_0141_2:13,very_easy,very,easy,"POLITICS  -COL-  The Last Insider . For Bob Dole , nothing is very easy .",nyt_eng_19960303_0141_2,13
nyt_eng_19960304_0323_2:13,very_easy,very,easy,"POLITICS  -COL-  The Last Insider . For Bob Dole , nothing is very easy .",nyt_eng_19960304_0323_2,13
nyt_eng_19960308_0384_46:15,that_clear,that,clear,"It 's so black and white , and nothing in our own lives is that clear .",nyt_eng_19960308_0384_46,15
nyt_eng_19960311_0510_42:9,as_compelling,as,compelling,"Alas , nothing in these interactive games is as compelling as the hilarious opening and the best of the clips , where you merely sit and watch .",nyt_eng_19960311_0510_42,9
nyt_eng_19960312_0579_27:3,ever_certain,ever,certain,Nothing is ever certain in baseball .,nyt_eng_19960312_0579_27,3
nyt_eng_19960315_0019_32:4,potentially_dangerous,potentially,dangerous,"Nothing is as potentially dangerous , though , as what could flow from a Zyuganov victory .",nyt_eng_19960315_0019_32,4
nyt_eng_19960316_0195_18:9,that_simple,that,simple,"Of course , nothing in Russia is quite that simple .",nyt_eng_19960316_0195_18,9
nyt_eng_19960319_0408_60:5,too_much,too,much,-LBQ-  Nothing was ever too much for him .  -RDQ-,nyt_eng_19960319_0408_60,5
nyt_eng_19960320_0557_22:5,as_unique,as,unique,Nothing this year is as unique as the Steve Grissom-Diamond Ridge Racing entry sponsored by Hanna-Barbera .,nyt_eng_19960320_0557_22,5
nyt_eng_19960320_0567_24:6,that_simple,that,simple,Nothing in this movie is that simple .,nyt_eng_19960320_0567_24,6
nyt_eng_19960320_0820_2:3,so_pitiful,so,pitiful,Nothing 's so pitiful as a person who would love to make music but has absolutely no talent .,nyt_eng_19960320_0820_2,3
nyt_eng_19960321_0141_2:3,so_pitiful,so,pitiful,Nothing 's so pitiful as a person who would love to make music but has absolutely no talent .,nyt_eng_19960321_0141_2,3
nyt_eng_19960322_0138_7:3,too_good,too,good,"Nothing is too good for their coach , John Thompson , who looks like a man on his way to a shower with his clothes on , with that towel over his shoulder .",nyt_eng_19960322_0138_7,3
nyt_eng_19960325_0763_13:8,that_difficult,that,difficult,"I mean , really , nothing 's that difficult .",nyt_eng_19960325_0763_13,8
nyt_eng_19960325_0790_2:7,so_strange,so,strange,"Nothing , however , was quite so strange as what occurred this season .",nyt_eng_19960325_0790_2,7
nyt_eng_19960326_0292_3:26,remotely_quiet,remotely,quiet,"But in the 12 months since her shooting death March 31 , 1995 , nothing else surrounding her life , family and music has been remotely quiet .",nyt_eng_19960326_0292_3,26
nyt_eng_19960401_0431_4:3,as_simple,as,simple,"Nothing is as simple about going on line _ Is that the right word ? It seems so self-conscious _ as they say it will be , they being anyone with a computer for a nervous system , and they are legion .",nyt_eng_19960401_0431_4,3
nyt_eng_19960403_0484_26:3,ever_perfect,ever,perfect,"Nothing is ever perfect , and sometimes the degree of chaos reaches a crescendo sufficient to intimidate even the most nimble of puzzle-meisters .",nyt_eng_19960403_0484_26,3
nyt_eng_19960404_0389_31:4,too_disgusting,too,disgusting,"That nothing is too disgusting for Valerie is also , most ebulliently , part of the film 's peculiar charm .",nyt_eng_19960404_0389_31,4
nyt_eng_19960411_0311_14:4,really_safe,really,safe,"-LBQ-  Nothing is really safe if you open your network to the Internet ,  -RDQ-  said Wendell Sissler , a network salesman with Client Systems Inc in Denver .",nyt_eng_19960411_0311_14,4
nyt_eng_19960411_0636_6:9,as_compelling,as,compelling,"Nothing about the film 's loose narrative is as compelling as its characters themselves , who are an attractive if myopic bunch .",nyt_eng_19960411_0636_6,9
nyt_eng_19960412_0631_22:4,ever_static,ever,static,"-LBQ-  Nothing is ever static in the business world ,  -RDQ-  he said .",nyt_eng_19960412_0631_22,4
nyt_eng_19960413_0121_22:32,openly_hostile,openly,hostile,"The subcommittee chairman , Rep. Charles T. Canady , R-Fla . , said nothing on the merits and the full committee chairman , Rep. Henry Hyde , R-Ill . , was openly hostile .",nyt_eng_19960413_0121_22,32
nyt_eng_19960414_0114_15:15,seriously_amiss,seriously,amiss,The agency sends out a pair of investigators who quickly conclude that nothing is seriously amiss .,nyt_eng_19960414_0114_15,15
nyt_eng_19960418_0659_11:51,laugh-out-loud_funny,laugh-out-loud,funny,"Some of Lewis ' put-down lines and his mixing a drink called  -LBQ-  The Boston Celtic  -RDQ-  -LRB- because it 's  -LBQ-  weak and white  -RDQ-  -RRB- got some giggles , and a cut-in  -LBQ-  dream  -RDQ-  shot of Jimmy in hot pants got a reaction ... but nothing was laugh-out-loud funny .",nyt_eng_19960418_0659_11,51
nyt_eng_19960420_0070_13:21,so_disruptive,so,disruptive,"For thousands of years , at least since the rise of Sparta triggered the Peloponnesian wars , nothing has been so disruptive to international order as the friction that comes with the rise of new powers .",nyt_eng_19960420_0070_13,21
nyt_eng_19960420_0252_10:37,as_difficult,as,difficult,Nothing he will face in the next few months with the Patriots _ not headhunting safeties trying to decapitate him nor a head coach who surely will berate him regularly just for effect _ will be as difficult as what already has happened in his young life .,nyt_eng_19960420_0252_10,37
nyt_eng_19960422_0734_24:16,as_important,as,important,"NU , my alma mater , certainly makes its educational priorities clear  -COL-  Nothing is as important as winning on the playing field .",nyt_eng_19960422_0734_24,16
nyt_eng_19960427_0064_28:9,so_fallacious,so,fallacious,"As someone once said ,  -LBQ-  Nothing was so fallacious as facts , except figures .  -RDQ-",nyt_eng_19960427_0064_28,9
nyt_eng_19960427_0346_22:7,yet_final,yet,final,Department officials stress that nothing is yet final .,nyt_eng_19960427_0346_22,7
nyt_eng_19960429_0680_5:17,unduly_concerned,unduly,concerned,"-LBQ-  It was a little light , relative to the consensus , but nothing to be unduly concerned about ,  -RDQ-  said Wolfgang Demisch , an analyst with BT Securities .",nyt_eng_19960429_0680_5,17
nyt_eng_19960504_0419_38:6,as_bad,as,bad,-LBQ-  But nothing is ever as bad as it seems .  -RDQ-,nyt_eng_19960504_0419_38,6
nyt_eng_19960508_1882_21:66,as_meaningful,as,meaningful,"In James Baldwin 's play ,  -LBQ-  The Amen Corner ,  -RDQ-  Sister Ophelia says to Sister Maggie , the matriarchal black preacher who is about to break down over family travails ,  -LBQ-  You always been a winner , why you wanna start actin ' like a woman now ?  -RDQ-  Sister Maggie , though , finally finds peace in confessing that nothing is as meaningful as her commitment to her husband and son .",nyt_eng_19960508_1882_21,66
nyt_eng_19960516_0380_18:25,as_perfect,as,perfect,"At the obsessive-compulsive end of perfectionism is the child who ca n't do that , who is unable to function because nothing is ever as perfect as he wants it to be , including himself .",nyt_eng_19960516_0380_18,25
nyt_eng_19960519_0280_56:11,that_simple,that,simple,"Besides , longtime aides say , nothing 's ever quite that simple with Bob Dole .",nyt_eng_19960519_0280_56,11
nyt_eng_19960520_0372_42:23,so_pure,so,pure,"This may be the saddest reckoning of all in  -LBQ-  The Shadow Man ,  -RDQ-  for the truth is that nothing is so pure or precious _ or so large _ as that which we have not had .",nyt_eng_19960520_0372_42,23
nyt_eng_19960601_0068_13:6,quite_enough,quite,enough,"In the end nothing was quite enough , and now for Clinton the election results only compound a season of worry about Bosnia , Russia and the newly enlivened Whitewater investigation .",nyt_eng_19960601_0068_13,6
nyt_eng_19960621_0396_28:26,as_real,as,real,"As guitarist Lenny Kaye churns out a staccato melody line , Smith launches this image barrage  -COL-   -LBQ-  I was down in Georgia nothing was as real as the street beneath my feet descending into air\/The cauldron was a-bubbling , the flesh was lean and the women moved forward like piranhas in a stream they spread themselves before me and offering so sweet and they beckoned and they beckoned ` Come on darling , eat !  -RDQ-  ' That 's as vivid a depiction of predatory sexuality as you might want .",nyt_eng_19960621_0396_28,26
nyt_eng_19960626_0629_27:11,too_strange,too,strange,"In this city , in this time , nothing is too strange to be believed .",nyt_eng_19960626_0629_27,11
nyt_eng_19960704_0207_42:28,truly_private,truly,private,"I always assume that whenever I 'm on line , there 'll be a rec-ord of it somewhere , and that nothing done on the Internet is truly private .",nyt_eng_19960704_0207_42,28
nyt_eng_19960716_0755_10:4,as_bad,as,bad,"Nothing could be as bad , we figured .",nyt_eng_19960716_0755_10,4
nyt_eng_19960720_0127_23:15,that_simple,that,simple,"As the abortion debate shows , nothing about men , women and politics is that simple .",nyt_eng_19960720_0127_23,15
nyt_eng_19960722_0637_39:10,so_satisfying,so,satisfying,"As the anti-smoke people will testify , nothing is so satisfying as rebellion that takes on the nobility of crusade .",nyt_eng_19960722_0637_39,10
nyt_eng_19960725_0470_34:3,as_simple,as,simple,Nothing is as simple as winning or losing _ the soap-opera demands of 1990s journalism wo n't allow it .,nyt_eng_19960725_0470_34,3
nyt_eng_19960725_0961_11:4,as_apocalyptic,as,apocalyptic,Nothing usually is as apocalyptic as we journalists tend to make it .,nyt_eng_19960725_0961_11,4
nyt_eng_19960729_0196_18:5,as_terrifying,as,terrifying,-LBQ-  Nothing is ever as terrifying as competing on a national level .,nyt_eng_19960729_0196_18,5
nyt_eng_19960729_0228_92:4,so_serious,so,serious,-LBQ-  Nothing is so serious that it ca n't be laughed about .  -RDQ-,nyt_eng_19960729_0228_92,4
nyt_eng_19960805_0116_21:8,ever_wrong,ever,wrong,"-LBQ-  They really expect that nothing is ever wrong , and when they hear that sometimes it is , they are upset .  -RDQ-",nyt_eng_19960805_0116_21,8
nyt_eng_19960809_0442_11:4,as_big,as,big,Nothing was ever as big as when Phar Lap came here ... and when he died .  -RDQ-,nyt_eng_19960809_0442_11,4
nyt_eng_19960811_0063_30:14,ever_final,ever,final,"He discovered that nothing was truly personal in politics , and nothing was ever final .",nyt_eng_19960811_0063_30,14
nyt_eng_19960811_0063_30:6,truly_personal,truly,personal,"He discovered that nothing was truly personal in politics , and nothing was ever final .",nyt_eng_19960811_0063_30,6
nyt_eng_19960811_0063_68:11,as_simple,as,simple,Dole also found out in those years that nothing was as simple or easy as it might look .,nyt_eng_19960811_0063_68,11
nyt_eng_19960811_0229_39:19,particularly_cutting-edge,particularly,cutting-edge,"-LBQ-  This all has a very nice , high-tech appearance , but nothing being done on line is particularly cutting-edge ,  -RDQ-  said William Proffer , a director with the San Diego-based Science Applications International Corp. , the company that built the original RNC Web site more than a year ago .",nyt_eng_19960811_0229_39,19
nyt_eng_19960813_0157_3:13,really_likely,really,likely,"-LBQ-  My view has always been that nothing of any substance was really likely before the 1997 budget and that was going to be the first big test , and that is still the case ,  -RDQ-  said Nigel Anderson , an economist on Spain at Wrightson Associates in London .",nyt_eng_19960813_0157_3,13
nyt_eng_19960813_0175_3:13,really_likely,really,likely,"-LBQ-  My view has always been that nothing of any substance was really likely before the 1997 budget and that was going to be the first big test , and that is still the case ,  -RDQ-  said Nigel Anderson , an economist on Spain at Wrightson Associates in London .",nyt_eng_19960813_0175_3,13
nyt_eng_19960817_0035_37:4,ever_true,ever,true,"-LBQ-  Nothing was ever true ,  -RDQ-  he said , though some styrofoam cups with the TWA logo were found floating at the water 's edge .",nyt_eng_19960817_0035_37,4
nyt_eng_19960826_0785_29:10,too_trivial,too,trivial,"While those plans seem quite grandiose , nothing is too trivial or bizarre for the Net .",nyt_eng_19960826_0785_29,10
nyt_eng_19960827_0657_23:5,really_normal,really,normal,"Still , nothing was really normal .",nyt_eng_19960827_0657_23,5
nyt_eng_19960903_0609_46:3,seriously_wrong,seriously,wrong,"Nothing is seriously wrong with Smith , though .",nyt_eng_19960903_0609_46,3
nyt_eng_19960905_0742_51:10,too_bad,too,bad,"And Keneley now knows nothing in college can be too bad , after experiencing his subterranean summer .",nyt_eng_19960905_0742_51,10
nyt_eng_19960914_0200_9:4,seriously_wrong,seriously,wrong,-LBQ-  Nothing 's seriously wrong .,nyt_eng_19960914_0200_9,4
nyt_eng_19960916_0302_1:26,too_weird,too,weird,"And so the nightmares have become part of the cultural lexicon , in part because King is something of a prolific hysteric  -COL-  Nothing is too weird or too common to be an object of his terror .",nyt_eng_19960916_0302_1,26
nyt_eng_19960916_0635_4:45,absolutely_zero,absolutely,zero,"Answering the fourth question in a row on the suggestion that a missile fired by an American military jet or ship blew up the plane , James K. Kallstrom , the senior FBI agent in the crash inquiry , said ,  -LBQ-  Nothing is absolutely zero , but it 's as close to zero as you can get in my estimation .  -RDQ-",nyt_eng_19960916_0635_4,45
nyt_eng_19960918_0777_11:18,that_bad,that,bad,"-LBQ-  Once you 've been dragged through the bottom of the mire , nothing can ever be that bad again .  -RDQ-",nyt_eng_19960918_0777_11,18
nyt_eng_19960920_0259_22:3,ever_certain,ever,certain,"Nothing 's ever certain ,  -RDQ-  Norton says .",nyt_eng_19960920_0259_22,3
nyt_eng_19960920_0271_33:4,really_permanent,really,permanent,"-LBQ-  Nothing is really permanent anymore , and employers need to make sure they 're very careful about what they say to employees ,  -RDQ-  said John A. Challenger , executive vice president of Challenger , Gray & Christmas , the Chicago outplacement firm .",nyt_eng_19960920_0271_33,4
nyt_eng_19960924_0560_8:33,as_important,as,important,"-LBQ-  It is as basic as any of the rights that were written by and for the people by men ,  -RDQ-  she said , adding that Republicans  -LBQ-  say nothing is as important as protecting the life of the unborn , but what about the life of the born ?  -RDQ-",nyt_eng_19960924_0560_8,33
nyt_eng_19960924_0584_14:13,quite_true,quite,true,"And so , as is usual in major art , nothing was quite true , but in the end everything was quite right .",nyt_eng_19960924_0584_14,13
nyt_eng_19960926_0170_14:13,necessarily_static,necessarily,static,"Nothing about racial relations in America , as this shows , is necessarily static .",nyt_eng_19960926_0170_14,13
nyt_eng_19960927_0496_18:4,ever_over,ever,over,"-LBQ-  Nothing is ever over until the people speak ,  -RDQ-  said Leroy Towns , manager of the Roberts campaign .",nyt_eng_19960927_0496_18,4
nyt_eng_19960927_0588_4:26,very_simple,very,simple,"The committee added two new tax law questions on Thursday , and they may be simpler , though in discussing tax law , nothing is very simple .",nyt_eng_19960927_0588_4,26
nyt_eng_19960929_0104_18:16,really_safe,really,safe,"And though the retrograde ended on the 26th , the Muffin averred that nothing was really safe until Monday .",nyt_eng_19960929_0104_18,16
nyt_eng_19961001_0376_50:7,truly_mundane,truly,mundane,Ordinary time reminds that nothing is truly mundane .,nyt_eng_19961001_0376_50,7
nyt_eng_19961001_0721_45:4,ever_impossible,ever,impossible,-LBQ-  Nothing is ever impossible for Ismail .,nyt_eng_19961001_0721_45,4
nyt_eng_19961004_0302_24:15,as_devastating,as,devastating,"Truth is , nothing the Soviets did to us during the Cold War was as devastating as what we did to ourselves , Vietnam being the most visable and painful example .",nyt_eng_19961004_0302_24,15
nyt_eng_19961006_0375_4:28,just_wrong,just,wrong,"-LBQ-  This is a huge project and to spend hundreds of millions of dollars on it and then shut it down and say little or nothing is just wrong ,  -RDQ-  said Siddique Wai , a Brooklyn resident who has crusaded for a new Kings County for years .",nyt_eng_19961006_0375_4,28
nyt_eng_19961011_0043_27:12,reliably_lucrative,reliably,lucrative,But the biggest reason is that nothing else is quite as reliably lucrative as tobacco .,nyt_eng_19961011_0043_27,12
nyt_eng_19961012_0139_15:28,as_symbolic,as,symbolic,"Despite the ongoing questions of credibility and integrity brought on by labor-management conflicts , the shifting of franchises and the movement of players , nothing has been as symbolic as that spray of spit .",nyt_eng_19961012_0139_15,28
nyt_eng_19961013_0228_14:15,really_simple,really,simple,"Seamlessness is a form of fakery , Eisenman is saying , since nothing is really simple and nothing in life is really seamless .",nyt_eng_19961013_0228_14,15
nyt_eng_19961013_0228_14:22,really_seamless,really,seamless,"Seamlessness is a form of fakery , Eisenman is saying , since nothing is really simple and nothing in life is really seamless .",nyt_eng_19961013_0228_14,22
nyt_eng_19961014_0009_54:14,as_good,as,good,Nothing _ outside of maybe double-fudge brownies and airplane food _ is ever as good or as bad as it seems .,nyt_eng_19961014_0009_54,14
nyt_eng_19961021_0607_5:4,so_simple,so,simple,But nothing is so simple in Russia .,nyt_eng_19961021_0607_5,4
nyt_eng_19961025_0042_3:4,that_easy,that,easy,"Because nothing is that easy when a place in history is on the line , which it is for the Braves this week .",nyt_eng_19961025_0042_3,4
nyt_eng_19961101_0207_46:5,as_deadly,as,deadly,But nothing would be as deadly for the project as the loss of Indian support .,nyt_eng_19961101_0207_46,5
nyt_eng_19961116_0136_39:5,as_bad,as,bad,"-LBQ-  Nothing could be as bad as last year ,  -RDQ-  when not only did she find out she had cancer , but her daughter , Donna , died unexpectedly on Christmas Eve .",nyt_eng_19961116_0136_39,5
nyt_eng_19961203_0386_10:3,even_wrong,even,wrong,Nothing is even wrong .,nyt_eng_19961203_0386_10,3
nyt_eng_19961205_0016_5:4,as_entrenched,as,entrenched,And nothing is as entrenched as the college basketball coaching fraternity .,nyt_eng_19961205_0016_5,4
nyt_eng_19961205_0040_9:5,that_simple,that,simple,"Nothing ever is quite that simple when black and gold meets bleu , blanc et rouge here in the city of Forum Horror .",nyt_eng_19961205_0040_9,5
nyt_eng_19961205_0659_10:17,as_memorable,as,memorable,"Yup , it 's the  -LBQ-  Poseidon Adventure  -RDQ-  blueprint , only nothing here is nearly as memorable as Shelley Winters ' underwater scene in that 1972 hit .",nyt_eng_19961205_0659_10,17
nyt_eng_19961207_0163_35:41,so_easy,so,easy,"But long before President Clinton 's halftime procession across the field , between two long lines of Midshipmen and Cadets from the Navy to the Army sideline , the history of the series provided the reminder that nothing would be so easy .",nyt_eng_19961207_0163_35,41
nyt_eng_19961213_0533_47:27,too_tough,too,tough,"-LBQ-  There were some other tricky scenes in the movie , but I got to do a romantic comedy with Michelle Pfeiffer , so nothing is too tough .  -RDQ-",nyt_eng_19961213_0533_47,27
nyt_eng_19961217_0629_34:4,ever_perfect,ever,perfect,-LBQ-  Nothing is ever perfect .,nyt_eng_19961217_0629_34,4
nyt_eng_19961219_0101_40:4,really_odorless,really,odorless,-LBQ-  Nothing is really odorless .  -RDQ-,nyt_eng_19961219_0101_40,4
nyt_eng_19961220_0499_19:7,as_big,as,big,"WRAP-UP Of course , nothing is as big as Tickle Me Elmo , the scarce  -LBQ-  Sesame Street  -RDQ-  doll that is sending parents into near-hysterics trying to find one .",nyt_eng_19961220_0499_19,7
nyt_eng_19961220_0590_24:4,readily_apparent,readily,apparent,Nothing has been readily apparent to this franchise for a decade .,nyt_eng_19961220_0590_24,4
nyt_eng_19961223_0533_8:4,ever_final,ever,final,"-LBQ-  Nothing is ever final in this country ,  -RDQ-  said western diplomat .",nyt_eng_19961223_0533_8,4
nyt_eng_19961223_0641_4:4,ever_final,ever,final,"-LBQ-  Nothing is ever final in this country ,  -RDQ-  one Western diplomat said .",nyt_eng_19961223_0641_4,4
nyt_eng_19970104_0235_40:33,really_new,really,new,"Asked if he was the only person using this technique , he said he was the only one he knew of ,  -LBQ-  but you know , they say nothing 's ever really new .  -RDQ-",nyt_eng_19970104_0235_40,33
nyt_eng_19970107_0253_6:16,as_foul,as,foul,"As Gregory put it earlier ,  -LBQ-  Nothing in the history of this planet is as foul as what we are about to uncover .  -RDQ-",nyt_eng_19970107_0253_6,16
nyt_eng_19970107_0584_6:3,too_big,too,big,Nothing was too big for him to undertake .,nyt_eng_19970107_0584_6,3
nyt_eng_19970108_0311_30:8,really_new,really,new,"So , you see , nothing is really new except the amount of attention given to off-the-field incidents .",nyt_eng_19970108_0311_30,8
nyt_eng_19970119_0060_1:4,so_much,so,much,"-LBQ-  Nothing is so much to be shunned as sex relations ,  -RDQ-  said St. Augustine , and American psychotherapy has lately taken up his cry , at least in regard to therapists ' relations with their patients .",nyt_eng_19970119_0060_1,4
nyt_eng_19970120_0093_1:4,so_much,so,much,"-LBQ-  Nothing is so much to be shunned as sex relations ,  -RDQ-  said St. Augustine , and American psychotherapy has lately taken up his cry , at least in regard to therapists ' relations with their patients .",nyt_eng_19970120_0093_1,4
nyt_eng_19970120_0295_60:26,as_good,as,good,"-LBQ-  I do n't think things are going to fall apart ,  -RDQ-  he said ,  -LBQ-  but from here on nothing will be quite as good .  -RDQ-",nyt_eng_19970120_0295_60,26
nyt_eng_19970203_0537_7:3,ever_simple,ever,simple,Nothing is ever simple or straightforward on a Bjork album .,nyt_eng_19970203_0537_7,3
nyt_eng_19970210_0445_8:14,as_simple,as,simple,"When it comes to disposal of things nuclear , however , nothing is as simple or clear-cut as first meets the eye .",nyt_eng_19970210_0445_8,14
nyt_eng_19970211_0325_3:16,as_worthwhile,as,worthwhile,"The industry collectively agreed that nothing that came out of its own commercial system was as worthwhile as the nonstudio films  -LBQ-  The English Patient ,  -RDQ-   -LBQ-  Fargo ,  -RDQ-   -LBQ-  Secrets & Lies  -RDQ-  and  -LBQ-  Shine .  -RDQ-",nyt_eng_19970211_0325_3,16
nyt_eng_19970211_0509_71:16,very_serious,very,serious,"He would say , ` You will become older and see that nothing really is very serious .",nyt_eng_19970211_0509_71,16
nyt_eng_19970214_0585_46:9,quite_right,quite,right,"Face it , folks , nothing 's been quite right for the Bruins and Celtics since they left the dirty digs of Causeway Street .",nyt_eng_19970214_0585_46,9
nyt_eng_19970218_1702_2:4,as_jarring,as,jarring,"Nothing is quite as jarring as the unexpected , be it a daughter 's boyfriend 's tattoos , a new neighbor prone to public displays of car repair or , heaven forbid , guests who stop by without calling .",nyt_eng_19970218_1702_2,4
nyt_eng_19970221_0472_16:3,totally_safe,totally,safe,Nothing is totally safe .,nyt_eng_19970221_0472_16,3
nyt_eng_19970224_0004_110:9,that_simple,that,simple,"Unfortunately for Tonya Harding , nothing is ever that simple .",nyt_eng_19970224_0004_110,9
nyt_eng_19970227_0234_9:4,quite_able,quite,able,"Nothing has been quite able to soothe him , so he searches on , hoping that Saturday night he will find in the presence of Leonard some sort of peace when they fight for something called the International Boxing Council middleweight title .",nyt_eng_19970227_0234_9,4
nyt_eng_19970227_0268_18:3,too_small,too,small,"Nothing was too small , new babies , weddings and of course obituaries , where the Joneses went for vacation , and who spoke at the Rotary Club ,  -RDQ-  she went on .",nyt_eng_19970227_0268_18,3
nyt_eng_19970305_0647_23:27,as_outrageous,as,outrageous,"There is a sense that Nichols may not want to embarrass the President , but Universal would like nothing better than for the movie to be as outrageous as possible .  -RDQ-",nyt_eng_19970305_0647_23,27
nyt_eng_19970309_0093_22:7,that_different,that,different,Rivera insists that nothing is all that different about his new role .,nyt_eng_19970309_0093_22,7
nyt_eng_19970310_0297_26:13,too_demeaning,too,demeaning,"And the imbecile rich were n't his only marks  -COL-  Nothing was too demeaning if it meant cash to help retain the only thing that meant anything to him , the White House .",nyt_eng_19970310_0297_26,13
nyt_eng_19970310_0519_12:7,as_important,as,important,"In any sport , nothing is as important as the correct call .",nyt_eng_19970310_0519_12,7
nyt_eng_19970310_0584_33:3,ever_perfect,ever,perfect,"Nothing is ever perfect , even when it comes close .",nyt_eng_19970310_0584_33,3
nyt_eng_19970310_0808_18:8,as_sexy,as,sexy,"But alas , nothing Gilkey does is as sexy as a Yankee flare-up , kiss-and-tell biography or trade demand .",nyt_eng_19970310_0808_18,8
nyt_eng_19970311_0230_17:3,too_big,too,big,Nothing was too big for her to challenge .  -RDQ-,nyt_eng_19970311_0230_17,3
nyt_eng_19970315_0041_18:31,quite_enough,quite,enough,"A Russian official in Moscow said there was a growing feeling  -LBQ-  that nothing we are doing is working the way it should , that nothing we do is ever quite enough , and that we may be a historically failed civilization .  -RDQ-",nyt_eng_19970315_0041_18,31
nyt_eng_19970317_0374_6:7,too_silly,too,silly,"harassing President Clinton , nothing is too silly or petty to use against him , from wild talk about impeachment to complaints about the cost of White House laundry .",nyt_eng_19970317_0374_6,7
nyt_eng_19970317_0647_1:18,too_silly,too,silly,"In the game of harassing President Clinton that now consumes the Republican congressional majority , nothing is too silly , petty or unwarranted to use against him , from outrageous threats of impeachment to picky complaints about the cost of White House laundry .",nyt_eng_19970317_0647_1,18
nyt_eng_19970318_0121_1:18,too_silly,too,silly,"In the game of harassing President Clinton that now consumes the Republican congressional majority , nothing is too silly , petty or unwarranted to use against him , from outrageous threats of impeachment to picky complaints about the cost of White House laundry .",nyt_eng_19970318_0121_1,18
nyt_eng_19970329_0066_16:7,intensely_hyperbolic,intensely,hyperbolic,"-LBQ-  Nothing could have been more intensely hyperbolic than the brother-sister relationship ,  -RDQ-  he said .",nyt_eng_19970329_0066_16,7
nyt_eng_19970329_0127_9:4,ever_dead,ever,dead,"-LBQ-  Nothing is ever dead until the final banging of the gavel on the last day ,  -RDQ-  he said .",nyt_eng_19970329_0127_9,4
nyt_eng_19970407_0220_39:3,so_eloquent,so,eloquent,Nothing is so eloquent as a slip of the tongue .,nyt_eng_19970407_0220_39,3
nyt_eng_19970410_0733_37:4,ever_one-dimensional,ever,one-dimensional,But nothing is ever one-dimensional with Ms. Sui .,nyt_eng_19970410_0733_37,4
nyt_eng_19970412_0081_5:8,as_certain,as,certain,"For the time being , nothing is as certain as taxes on death .",nyt_eng_19970412_0081_5,8
nyt_eng_19970416_0541_6:9,too_good,too,good,"When it comes to materials , nothing is too good for the Muppets .",nyt_eng_19970416_0541_6,9
nyt_eng_19970422_0170_14:6,too_small,too,small,She assures me nothing is too small and everything is do-able .,nyt_eng_19970422_0170_14,6
nyt_eng_19970422_0429_5:7,so_simple,so,simple,Nothing about this case is nearly so simple .,nyt_eng_19970422_0429_5,7
nyt_eng_19970426_0143_49:4,ever_calm,ever,calm,But nothing is ever calm .,nyt_eng_19970426_0143_49,4
nyt_eng_19970427_0124_17:14,ever_easy,ever,easy,"And it is also true that even in boom times , nothing is ever easy in the arts .",nyt_eng_19970427_0124_17,14
nyt_eng_19970507_0880_3:3,so_essential,so,essential,Nothing is so essential to success as the tiny piece of yarn or plastic attached to the leader .,nyt_eng_19970507_0880_3,3
nyt_eng_19970508_0055_3:3,so_essential,so,essential,Nothing is so essential to success as the tiny piece of yarn or plastic attached to the leader .,nyt_eng_19970508_0055_3,3
nyt_eng_19970513_0793_14:17,as_simple,as,simple,"Or is she ? With Johnson , because of the track suspension , nothing is ever as simple as it seems .",nyt_eng_19970513_0793_14,17
nyt_eng_19970517_0189_56:4,as_great,as,great,"Nothing is ever as great , or as bad , as you think .  -RDQ-",nyt_eng_19970517_0189_56,4
nyt_eng_19970520_0261_29:12,consistently_profitable,consistently,profitable,Behind the complaints is the simple knowledge that nothing is as consistently profitable as tobacco .,nyt_eng_19970520_0261_29,12
nyt_eng_19970524_0206_40:7,too_unusual,too,unusual,"After yesterday , nothing would be too unusual .",nyt_eng_19970524_0206_40,7
nyt_eng_19970605_0696_31:5,merely_routine,merely,routine,"But nothing ever is merely routine with the owner Robert Perez and the trainer Alfredo Callejas , who frequently run improbable long shots in major New York races and have the outsider Mr. Energizer in the Belmont .",nyt_eng_19970605_0696_31,5
nyt_eng_19970606_0272_23:6,as_challenging,as,challenging,But nothing has been quite as challenging as ` The King and I. ',nyt_eng_19970606_0272_23,6
nyt_eng_19970606_0469_23:7,particularly_expensive,particularly,expensive,-LBQ-  Nothing in this book is particularly expensive .  -RDQ-,nyt_eng_19970606_0469_23,7
nyt_eng_19970612_0260_27:45,too_sacred,too,sacred,"_  -LBQ-  Does Anybody Have a Problem With That  -COL-  The Best of Politically Incorrect  -RDQ-  by Bill Maher -LRB- Ballantine , $ 10 -RRB-  -COL-  As anyone knows who watches Bill Maher 's TV show ,  -LBQ-  Politically Incorrect ,  -RDQ-  nothing is too sacred for lampooning .",nyt_eng_19970612_0260_27,45
nyt_eng_19970617_0234_23:8,any_good,any,good,"To us , nothing and nobody is any good .",nyt_eng_19970617_0234_23,8
nyt_eng_19970626_0113_23:41,as_candid,as,candid,"Sleeper , a former editorial writer for Newsday and the author of  -LBQ-  The Closest of Strangers ,  -RDQ-  has been examining liberals ' rejection of a common American culture for several years , but nothing he has written is as candid as what he gives us here .",nyt_eng_19970626_0113_23,41
nyt_eng_19970626_0744_5:30,really_theirs,really,theirs,The Davidsons say they have struggled most with the fact that nothing they have _ from the royal blue sofa to the telephone James Davidson uses daily _ is really theirs .,nyt_eng_19970626_0744_5,30
nyt_eng_19970702_0823_59:4,too_good,too,good,"-LBQ-  Nothing 's too good for the man who shot Liberty Valance ,  -RDQ-  someone said to Stewart 's mistaken hero at the end of the movie .",nyt_eng_19970702_0823_59,4
nyt_eng_19970703_0047_15:4,as_odd,as,odd,"But nothing is as odd to a visitor , surely , as the prohibition on pumping one 's own gas .",nyt_eng_19970703_0047_15,4
nyt_eng_19970717_0575_21:11,that_free,that,free,Nothing else about  -LBQ-  Nothing to Lose  -RDQ-  is quite that free .,nyt_eng_19970717_0575_21,11
nyt_eng_19970717_0860_22:16,too_raunchy,too,raunchy,"Rated R for profanity , sex and nudity ,  -LBQ-  Nothing to Lose  -RDQ-  is too raunchy for kids .",nyt_eng_19970717_0860_22,16
nyt_eng_19970722_0859_10:4,that_easy,that,easy,Nothing has been that easy .,nyt_eng_19970722_0859_10,4
nyt_eng_19970727_0199_53:3,too_good,too,good,"Nothing was too good for her , and he had patience .",nyt_eng_19970727_0199_53,3
nyt_eng_19970727_0212_18:5,so_central,so,central,"But nothing has been so central to his vision as the augmentation of Columbia College , the undergraduate school .",nyt_eng_19970727_0212_18,5
nyt_eng_19970728_0732_11:11,ever_simple,ever,simple,"Nothing , however , about Moffett and his businesses is ever simple .",nyt_eng_19970728_0732_11,11
nyt_eng_19970729_0428_22:3,too_good,too,good,Nothing was too good for the prince .,nyt_eng_19970729_0428_22,3
nyt_eng_19970730_0642_8:17,too_obvious,too,obvious,"According to insurance agencies , security companies , building managers and the police , nothing is too obvious .",nyt_eng_19970730_0642_8,17
nyt_eng_19970822_0048_45:9,really_worth,really,worth,"Nothing , according to the participants , is really worth a trip to Veterans Stadium , a.k.a. the Concrete Jungle .",nyt_eng_19970822_0048_45,9
nyt_eng_19970823_0026_8:6,too_surprising,too,surprising,"Nothing about Friday night was too surprising , and that in itself is rather odd because the Yankees have played so crisply while going 28-14 since the break .",nyt_eng_19970823_0026_8,6
nyt_eng_19970825_0248_38:7,so_easy,so,easy,"Demothsenes said  -COL-  ` Nothing is so easy as to deceive ourselves , for what we wish , we readily believe . '",nyt_eng_19970825_0248_38,7
nyt_eng_19970825_0496_16:15,ever_unique,ever,unique,"-LBQ-  This has to be the tip of the iceberg , since nothing is ever unique in genetics ,  -RDQ-  Vogelstein said .",nyt_eng_19970825_0496_16,15
nyt_eng_19970830_0057_36:4,as_simple,as,simple,But nothing is as simple as it seems .,nyt_eng_19970830_0057_36,4
nyt_eng_19970904_0049_32:11,completely_ok,completely,ok,-LBQ-  You 've got to realize that nothing is ever completely OK .  -RDQ-,nyt_eng_19970904_0049_32,11
nyt_eng_19970904_0840_6:5,so_simple,so,simple,But nothing is ever so simple in Russia these days .,nyt_eng_19970904_0840_6,5
nyt_eng_19970914_0122_15:30,so_compelling,so,compelling,"Who needs anything more than Internet access ? Until recently , the services ' appeal was supposed to be the exclusive content they provide , but nothing has been so compelling it can not be ignored .",nyt_eng_19970914_0122_15,30
nyt_eng_19970915_0658_12:13,aesthetically_offensive,aesthetically,offensive,I do n't have to tell you that nothing could be more aesthetically offensive than a ruby-red weed trimmer next to a mauve or muted persimmon doorjamb .,nyt_eng_19970915_0658_12,13
nyt_eng_19970916_0506_38:13,grossly_wrong,grossly,wrong,"-LBQ-  Given the number of complaints I 've gotten , nothing is grossly wrong ,  -RDQ-  Ms. Miner said .",nyt_eng_19970916_0506_38,13
nyt_eng_19970919_0599_13:10,as_important,as,important,"It turns out that nothing he ever did was as important as what he accomplished in the years between 1939 , when he went to Washington , and 1954 , when he left full-time government service and returned to MIT and suburban Belmont .",nyt_eng_19970919_0599_13,10
nyt_eng_19970926_0659_11:7,terribly_new,terribly,new,Nothing about  -LBQ-  C-16  -RDQ-  is terribly new .,nyt_eng_19970926_0659_11,7
nyt_eng_19970929_0748_3:11,roundly_denigrated,roundly,denigrated,"At that time , he reckoned , nothing was more roundly denigrated than commercial art .",nyt_eng_19970929_0748_3,11
nyt_eng_19971007_0247_18:6,completely_simple,completely,simple,"As usual , nothing is completely simple .",nyt_eng_19971007_0247_18,6
nyt_eng_19971008_0020_11:3,very_triumphant,very,triumphant,Nothing was very triumphant about what unfolded between the two at what should have been the zeniths-to-date of their seasons .,nyt_eng_19971008_0020_11,3
nyt_eng_19971010_0296_21:5,too_good,too,good,-LBQ-  But nothing 's too good for our customers .,nyt_eng_19971010_0296_21,5
nyt_eng_19971011_0145_6:6,so_gentle,so,gentle,Nothing so decisive should be so gentle .,nyt_eng_19971011_0145_6,6
nyt_eng_19971013_0500_5:7,as_important,as,important,"To a parent , nothing is as important as keeping your child",nyt_eng_19971013_0500_5,7
nyt_eng_19971016_0676_7:8,so_clear-cut,so,clear-cut,"In this region , nothing is quite so clear-cut , though .",nyt_eng_19971016_0676_7,8
nyt_eng_19971023_0059_60:13,ever_certain,ever,certain,"These last two may look like indisputable franchises , but nothing is ever certain at Christmas .",nyt_eng_19971023_0059_60,13
nyt_eng_19971023_0846_1:19,so_attractive,so,attractive,"Here on the eastern edge of the Pacific Rim , where power is mystic and nothing is quite so attractive as whatever is just out of reach , a peculiar phenomenon thrives  -COL-  a restaurant in which even Hollywood 's high and mighty must take whatever they are given , including stern lectures from the chef .",nyt_eng_19971023_0846_1,19
nyt_eng_19971024_0167_3:25,so_attractive,so,attractive,"SUSHI-STRONGMAN-ART-NYT -LRB- Los Angeles -RRB- _ Here on the eastern edge of the Pacific Rim , where power is mystic and nothing is quite so attractive as whatever is just out of reach , a peculiar phenomenon thrives  -COL-  a restaurant in which even Hollywood 's high and mighty must take whatever they are given , including stern lectures from the chef .",nyt_eng_19971024_0167_3,25
nyt_eng_19971024_0645_9:3,too_corny,too,corny,Nothing is too corny .,nyt_eng_19971024_0645_9,3
nyt_eng_19971026_0258_12:6,too_wild,too,wild,"It seems that nothing is too wild a stretch for a museum determined to seize the respect it believes it deserves , for its vast and invaluable holdings  -COL-  from ancient mummy cases to one of the largest collections of 19th-century Russian women 's festive wear to Georgia O'Keeffe 's utterly modern rendition of the Brooklyn Bridge .",nyt_eng_19971026_0258_12,6
nyt_eng_19971027_0453_38:8,ever_free,ever,free,Your parents were right  -COL-  Nothing is ever free .,nyt_eng_19971027_0453_38,8
nyt_eng_19971102_0119_6:6,as_simple,as,simple,"Alas , nothing is ever as simple as it seems .",nyt_eng_19971102_0119_6,6
nyt_eng_19971103_0389_29:17,as_painful,as,painful,"-LBQ-  Nothing in the world _ not even old age , sickness and death _ is as painful as one-sided love ,  -RDQ-  he says .",nyt_eng_19971103_0389_29,17
nyt_eng_19971104_0326_37:11,so_terrific,so,terrific,And part of that reality is that nothing is ever so terrific forever .,nyt_eng_19971104_0326_37,11
nyt_eng_19971116_0214_4:10,so_simple,so,simple,"Except that in the 1990s , nothing is ever so simple .",nyt_eng_19971116_0214_4,10
nyt_eng_19971118_0009_19:5,even_hot,even,hot,Nothing is imminent or even hot on the burner .,nyt_eng_19971118_0009_19,5
nyt_eng_19971119_0776_5:6,well_worth,well,worth,"Nothing Yet !  -RDQ-  is well worth the trip , although Uys -LRB- pronounced ace -RRB- is quick to confess that he really could be spending his time doing something else while he 's here  -COL-  seeing the real Africa in  -LBQ-  The Lion King .  -RDQ-",nyt_eng_19971119_0776_5,6
nyt_eng_19971125_0477_8:8,as_clever,as,clever,Nothing else about  -LBQ-  Flubber  -RDQ-  is as clever as this .,nyt_eng_19971125_0477_8,8
nyt_eng_19971125_0898_16:6,too_small,too,small,Nothing in the room was too small to be turned into a object lesson in local virtues .,nyt_eng_19971125_0898_16,6
nyt_eng_19971126_0486_14:6,ever_simple,ever,simple,This means that nothing is ever simple in Brodkeyland .,nyt_eng_19971126_0486_14,6
nyt_eng_19971126_0782_28:3,too_small,too,small,Nothing was too small or too ordinary to escape originality .,nyt_eng_19971126_0782_28,3
nyt_eng_19971126_0887_14:5,that_different,that,different,"Perhaps nothing would be that different after all , especially in those parts of the Midwest _ and households in the Midwestern diaspora _ where the true sign of Thanksgiving dinner is a lead-crystal dish full of Spanish olives .",nyt_eng_19971126_0887_14,5
nyt_eng_19971126_0954_3:3,truly_dead,truly,dead,Nothing is truly dead on television until it 's coughed up its last nickel .,nyt_eng_19971126_0954_3,3
nyt_eng_19971127_0351_1:3,ever_simple,ever,simple,"Nothing is ever simple in this town -LRB- there 's a news flash for you -RRB- , but the strain of organizing a street parade surely claims a special mention in the catalogue of New York ordeals .",nyt_eng_19971127_0351_1,3
nyt_eng_19971129_0098_1:23,as_variable,as,variable,"The Giants may have a new offense and a new defense this season , but nothing has been more changeable , or as variable and paradoxical , as the team 's special-teams play .",nyt_eng_19971129_0098_1,23
nyt_eng_19971201_0628_61:28,as_good,as,good,"While building a solid reputation as an actor of range and depth , McDowall continues to take a long view of his profession  -COL-   -LBQ-  Nothing is as good or as bad as it 's judged in the moment ,  -RDQ-  and sometimes  -LBQ-  yesterday 's kitsch is today 's treasure .  -RDQ-",nyt_eng_19971201_0628_61,28
nyt_eng_19971203_0817_14:3,really_dreadful,really,dreadful,Nothing is really dreadful about  -LBQ-  Clue  -RDQ-  except the concept .,nyt_eng_19971203_0817_14,3
nyt_eng_19971206_0003_7:9,that_simple,that,simple,But nothing in the Youngworth affair has been that simple .,nyt_eng_19971206_0003_7,9
nyt_eng_19971211_0662_1:31,as_startling,as,startling,"Why must some people believe in alien visits when there 's such a thing as fashion ? Surely nothing that ever landed in Roswell , N.M. , could be half as startling as the show of Gianni Versace clothes that opened Thursday at the Metropolitan Museum of Art 's Costume Institute .",nyt_eng_19971211_0662_1,31
nyt_eng_19971211_0666_1:31,as_startling,as,startling,"Why must some people believe in alien visits when there 's such a thing as fashion ? Surely nothing that ever landed in Roswell , N.M. , could be half as startling as the show of Gianni Versace clothes that opened Thursday at the Metropolitan Museum of Art 's Costume Institute .",nyt_eng_19971211_0666_1,31
nyt_eng_19971218_0061_12:34,as_big,as,big,"From  -LBQ-  Driving Miss Daisy  -RDQ-  to  -LBQ-  I 'll Fly Away ,  -RDQ-  some 20 films and TV shows have been shot at Agnes Scott , although , clearly , nothing is as big as  -LBQ-  Scream 2 .  -RDQ-",nyt_eng_19971218_0061_12,34
nyt_eng_19971223_0031_37:8,so_important,so,important,"I became convinced that nothing could be so important as finding a more balanced path , rediscovering slower , simpler pleasures before we all become burned out and bored to death .  -RDQ-",nyt_eng_19971223_0031_37,8
nyt_eng_19971223_0777_50:12,clearly_destabilizing,clearly,destabilizing,Nothing the United States is doing in Bosnia today is so clearly destabilizing or unlikely to foster an enduring peace as the program to train and equip the Muslims .,nyt_eng_19971223_0777_50,12
nyt_eng_19971226_0282_7:9,as_sleazy,as,sleazy,"But nothing in the world of sports is as sleazy as an owner who throws money at players for a season , gets what he wants , then proceeds to sell them off like puppies in the window of a pet shop .",nyt_eng_19971226_0282_7,9
nyt_eng_19971227_0068_6:17,too_much,too,much,"As Dick Morris said he was told by a grateful President Clinton ,  -LBQ-  Nothing 's too much to pay for a miracle .  -RDQ-",nyt_eng_19971227_0068_6,17
nyt_eng_19971229_0256_34:4,too_much,too,much,-LBQ-  Nothing is too much for him .,nyt_eng_19971229_0256_34,4
nyt_eng_19971230_0382_2:29,ever_good,ever,good,"It arrives in the stores just in time for Christmas , and within days the air is blue with the curses of irate perfectionists for whom nothing is ever good enough .",nyt_eng_19971230_0382_2,29
nyt_eng_19980108_0517_52:9,as_devastating,as,devastating,-LBQ-  Nothing in my lifetime has been quite as devastating in the way AIDS has been .,nyt_eng_19980108_0517_52,9
nyt_eng_19980120_0354_10:10,truly_impossible,truly,impossible,"Despite all that is being said , nothing is truly impossible in these games , as the New York Jets proved 29 years ago in Super Bowl III when they beat the supposedly unbeatable Baltimore Colts .",nyt_eng_19980120_0354_10,10
nyt_eng_19980128_0606_7:3,ever_over,ever,over,Nothing is ever over for Rompola .,nyt_eng_19980128_0606_7,3
nyt_eng_19980204_0426_25:5,politically_effective,politically,effective,"-LBQ-  Nothing is so politically effective as the ability to charge that one 's opponent and his associates are not merely wrong-headed , naive , ineffective , but , in all probability , ` crooks ,  -RDQ-  ' Scalia wrote .",nyt_eng_19980204_0426_25,5
nyt_eng_19980216_0192_16:22,as_important,as,important,"Of course , those guys were all amateurs , convinced that nothing else that ever happened in their lives would be as important .",nyt_eng_19980216_0192_16,22
nyt_eng_19980218_0255_45:7,really_precious,really,precious,"-LBQ-  Nothing in the house is really precious ,  -RDQ-  she said .",nyt_eng_19980218_0255_45,7
nyt_eng_19980223_0156_18:31,that_easy,that,easy,"For his role , Harry is promised a cool $ 50,000 _ easy money to a shlub like Harry , but , of course , nothing in Noir-land is ever that easy .",nyt_eng_19980223_0156_18,31
nyt_eng_19980225_0250_50:11,as_bad,as,bad,"-LBQ-  No matter what I went through , nothing is as bad as the pain CPS inflicted on my daughter .",nyt_eng_19980225_0250_50,11
nyt_eng_19980306_0196_11:4,as_skittish,as,skittish,Nothing is quite as skittish as a college basketball team on the road .,nyt_eng_19980306_0196_11,4
nyt_eng_19980307_0214_28:14,structurally_wrong,structurally,wrong,Lamoriello said there was relief within the team that  -LBQ-  nothing major was structurally wrong  -RDQ-  with Gilmour 's knee .,nyt_eng_19980307_0214_28,14
nyt_eng_19980311_0378_6:23,as_vivid,as,vivid,"He is a man for whom life makes sense only in the configurations of those notes , for whom nothing can be as vivid as the reflections in the polished brass of his adored horn .",nyt_eng_19980311_0378_6,23
nyt_eng_19980313_0224_64:6,that_easy,that,easy,"Still , nothing is ever that easy in Hollywood .",nyt_eng_19980313_0224_64,6
nyt_eng_19980319_0130_21:7,that_neat,that,neat,But nothing in sports is ever that neat .,nyt_eng_19980319_0130_21,7
nyt_eng_19980324_0169_4:6,as_important,as,important,"Nothing , however , was as important as the fate of the three Primera Division local soccer teams , especially Club Deportivo Guadalajara , nicknamed  -LBQ-  Las Chivas  -RDQ-  -LRB-  -LBQ-  The Goats  -RDQ-  -RRB- .",nyt_eng_19980324_0169_4,6
nyt_eng_19980405_0083_35:12,truly_abstract,truly,abstract,And nothing having to do with the human body can be truly abstract .,nyt_eng_19980405_0083_35,12
nyt_eng_19980406_0343_39:11,as_simple,as,simple,It is only to say that nothing is ever quite as simple as it seems on the surface .,nyt_eng_19980406_0343_39,11
nyt_eng_19980406_0470_8:19,too_big,too,big,"-LBQ-  The message coming out of this merger is  -COL-  No deal is now unthinkable , nothing is too big ,  -RDQ-  said James Weiss , deputy chief investment officer for State Street Research , a Boston money management company .",nyt_eng_19980406_0470_8,19
nyt_eng_19980407_0177_31:35,entirely_clean,entirely,clean,They have framed responses to a health problem in terms of keeping the tobacco industry sufficiently alive that it can lay golden eggs for the next 25 years -LRB- nothing in Washington is ever entirely clean -RRB- .,nyt_eng_19980407_0177_31,35
nyt_eng_19980408_0265_20:8,as_good,as,good,"To Abbate , however , nothing is as good as putting your picture where people can see it .",nyt_eng_19980408_0265_20,8
nyt_eng_19980411_0016_42:3,really_boring,really,boring,Nothing is really boring .  -RDQ-,nyt_eng_19980411_0016_42,3
nyt_eng_19980412_0018_44:10,as_compelling,as,compelling,"-LBQ-  Nothing that has been printed about Graham is as compelling as the story she herself tells ,  -RDQ-  Nora Ephron said here in 1997 .",nyt_eng_19980412_0018_44,10
nyt_eng_19980412_0082_63:4,as_strenuous,as,strenuous,But nothing is as strenuous as all the testing .,nyt_eng_19980412_0082_63,4
nyt_eng_19980423_0274_33:32,so_bad,so,bad,"A.J. Liebling , who began his journalistic career here , wrote about his days in Providence ,  -LBQ-  There was nothing you could do about anything , but then nothing was so bad that you felt a burning urge to do anything about it .  -RDQ-",nyt_eng_19980423_0274_33,32
nyt_eng_19980424_0318_17:9,ever_final,ever,final,"He added , though , that nothing is ever final in a bankruptcy .",nyt_eng_19980424_0318_17,9
nyt_eng_19980426_0179_7:13,too_overwhelming,too,overwhelming,"They have to scoff and sneer and act as if nothing is too overwhelming , daunting or challenging .",nyt_eng_19980426_0179_7,13
nyt_eng_19980429_0322_24:92,ever_likely,ever,likely,"I realize that in some circles , my blatant careerism may be considered vulgar or unseemly , but I also think that allowances must be made in the case of a Transylvanian woman who spent her adolescence watching movies and wondering how she was ever to escape a picturesque but oppressive life that seemed to offer just two possibilities  -COL-  teaching at a primary school in a rustic landscape of muddy roads , gaunt faces and boozy bumpkins , or being buried alive in a dusty small town where nothing was ever likely to happen .",nyt_eng_19980429_0322_24,92
nyt_eng_19980502_0018_31:21,really_easy,really,easy,"-LBQ-  I do n't know if it matters , though ,  -RDQ-  he said ,  -LBQ-  just because nothing 's really easy for us .  -RDQ-",nyt_eng_19980502_0018_31,21
nyt_eng_19980507_0116_3:3,particularly_wrong,particularly,wrong,"Nothing was particularly wrong , the handyman replied , sagely .",nyt_eng_19980507_0116_3,3
nyt_eng_19980514_0016_29:4,as_easy,as,easy,But nothing was as easy for him after he scored 19 of his 33 points in the first half .,nyt_eng_19980514_0016_29,4
nyt_eng_19980514_0176_18:19,that_simple,that,simple,"-LBQ-  It was a simple idea ,  -RDQ-  Beatty says , rather disingenuously , since nothing is ever that simple with him .",nyt_eng_19980514_0176_18,19
nyt_eng_19980518_0374_5:4,unequivocally_useless,unequivocally,useless,"Nothing is more unequivocally useless and irritating than to listen to someone rattle off his Top 10 anything , be it TV shows , books , works of Monet , or films that most typify Michael J. Fox 's dark period .",nyt_eng_19980518_0374_5,4
nyt_eng_19980521_0480_32:20,longer_secret,longer,secret,"The tabloids , he said , had reached a point where nothing ,  -LBQ-  however personal , was any longer secret or sacred , and the basic human right to privacy was banished in the interest of publishing profit .  -RDQ-",nyt_eng_19980521_0480_32,20
nyt_eng_19980522_0147_1:11,truly_perfect,truly,perfect,David Wells is living proof that nothing in life is truly perfect .,nyt_eng_19980522_0147_1,11
