colloc,be-ADV-ADJ_positive,every_det-of-subj,everybody_subj,everyone_subj,few_det-of-subj,few_subj,neither_det-of-subj,neither_subj,never_VP-adv,no-one_subj,no_det-of-subj-N,nobody_subj,none_subj,not-a-single_det-of-subj,not-one_det-of-subj,not-one_subj,not_VP-adv,nothing_subj,without-being_PP
10-first-downs_awful,1,0,0,0,0,0,0,0,0,0,0,0,0,0,0,0,0,0,0
6-feet_tall,3,0,0,0,0,0,0,0,0,0,0,0,0,0,0,0,0,0,0
about_grieving,1,0,0,0,0,0,0,0,0,0,0,0,0,0,0,0,0,0,0
about_interconnectedness,1,0,0,0,0,0,0,0,0,0,0,0,0,0,0,0,0,0,0
absolutely_preposterous,2,0,0,0,0,0,0,0,0,0,0,0,0,0,0,0,0,0,0
absolutely_state-of-the-art,1,0,0,0,0,0,0,0,0,0,0,0,0,0,0,0,0,0,0
actively_bad,1,0,0,0,0,0,0,0,0,0,0,0,0,0,0,0,1,0,0
actually_free,2,0,0,0,0,0,0,0,0,0,0,0,0,0,0,0,0,0,0
actually_hard,1,0,0,0,0,0,0,0,0,0,0,0,0,0,0,0,0,0,0
actually_large,1,0,0,0,0,0,0,0,0,0,0,0,0,0,0,0,0,0,0
actually_stupid,3,0,0,0,0,0,0,0,0,0,0,0,0,0,0,0,0,0,0
admittedly_incomplete,1,0,0,0,0,0,0,0,0,0,0,0,0,0,0,0,0,0,0
again_hard-driving,1,0,0,0,0,0,0,0,0,0,0,0,0,0,0,0,0,0,0
ahead_4-3,1,0,0,0,0,0,0,0,0,0,0,0,0,0,0,0,0,0,0
all_erickson,1,0,0,0,0,0,0,0,0,0,0,0,0,0,0,0,0,0,0
all_jubilant,1,0,0,0,0,0,0,0,0,0,0,0,0,0,0,0,0,0,0
all_overpriced,1,0,0,0,0,0,0,0,0,0,0,0,0,0,0,0,0,0,0
all_taboo,1,0,0,0,0,0,0,0,0,0,0,0,0,0,0,0,0,0,0
almost_amazing,2,0,0,0,0,0,0,0,0,0,0,0,0,0,0,0,0,0,0
almost_chaotic,1,0,0,0,0,0,0,0,0,0,0,0,0,0,0,0,0,0,0
almost_dazzling,1,0,0,0,0,0,0,0,0,0,0,0,0,0,0,0,0,0,0
almost_inhumane,1,0,0,0,0,0,0,0,0,0,0,0,0,0,0,0,0,0,0
already_explosive,1,0,0,0,0,0,0,0,0,0,0,0,0,0,0,0,0,0,0
already_giddy,1,0,0,0,0,0,0,0,0,0,0,0,0,0,0,0,0,0,0
already_questionable,1,0,0,0,0,0,0,0,0,0,0,0,0,0,0,0,0,0,0
already_secure,4,0,0,0,0,0,0,0,0,0,0,0,0,0,0,0,0,0,0
already_susceptible,1,0,0,0,0,0,0,0,0,0,0,0,0,0,0,0,0,0,0
already_weary,3,0,0,0,0,0,0,0,0,0,0,0,0,0,0,0,0,0,0
also_cost-effective,1,0,0,0,0,0,0,0,0,0,0,0,0,0,0,0,0,0,0
also_dramatic,2,0,0,0,0,0,0,0,0,0,0,0,0,0,0,0,1,0,0
also_flattering,1,0,0,0,0,0,0,0,0,0,0,0,0,0,0,0,0,0,0
also_homeless,1,0,0,0,0,0,0,0,0,0,0,0,0,0,0,0,0,0,0
also_inspirational,2,0,0,0,0,0,0,0,0,0,0,0,0,0,0,0,0,0,0
also_public,1,0,0,0,0,0,0,0,0,0,0,0,0,0,0,0,0,0,0
also_riven,1,0,0,0,0,0,0,0,0,0,0,0,0,0,0,0,0,0,0
also_therapeutic,2,0,0,0,0,0,0,0,0,0,0,0,0,0,0,0,0,0,0
also_threatened,4,0,0,0,0,0,0,0,0,0,0,0,0,0,0,0,0,0,0
also_thrilling,3,0,0,0,0,0,0,0,0,0,0,0,0,0,0,0,0,0,0
altogether_inapt,0,0,0,0,0,0,0,0,0,0,0,0,0,0,0,0,2,0,0
always_fuzzy,1,0,0,0,0,0,0,0,0,0,0,0,0,0,0,0,0,0,0
always_hungry,22,0,0,0,0,0,0,0,0,0,0,0,0,0,0,0,0,0,0
always_painless,0,0,0,0,0,0,0,0,0,0,0,0,0,0,0,0,2,0,0
always_partial,1,0,0,0,0,0,0,0,0,0,0,0,0,0,0,0,0,0,0
always_short,9,0,0,0,0,0,0,0,0,0,0,0,0,0,0,0,0,0,0
always_tenuous,2,0,0,0,0,0,0,0,0,0,0,0,0,0,0,0,0,0,0
always_unjust,1,0,0,0,0,0,0,0,0,0,0,0,0,0,0,0,0,0,0
amazingly_loose,1,0,0,0,0,0,0,0,0,0,0,0,0,0,0,0,0,0,0
apparently_acceptable,2,0,0,0,0,0,0,0,0,0,0,0,0,0,0,0,0,0,0
apparently_incapable,5,0,0,0,0,0,0,0,0,0,0,0,0,0,0,0,0,0,0
as_assiduous,1,0,0,0,0,0,0,0,0,0,0,0,0,0,0,0,0,0,0
as_brazilian,1,0,0,0,0,0,0,0,0,0,0,0,0,0,0,0,0,0,0
as_derivative,1,0,0,0,0,0,0,0,0,0,0,0,0,0,0,0,1,0,0
as_emblematic,3,0,0,0,0,0,0,0,0,0,0,0,0,0,0,0,0,0,0
as_in-your-face,4,0,0,0,0,0,0,0,0,0,0,0,0,0,0,0,1,0,0
as_jolting,2,0,0,0,0,0,0,0,0,0,0,0,0,0,0,0,1,0,0
as_marvelous,2,0,0,0,0,0,0,0,0,0,0,0,0,0,0,0,1,0,0
as_monochromatic,3,0,0,0,0,0,0,0,0,0,0,0,0,0,0,0,0,0,0
as_negative,9,0,0,0,0,0,0,0,0,0,0,0,0,0,0,0,17,0,0
as_publicity-shy,1,0,0,0,0,0,0,0,0,0,0,0,0,0,0,0,0,0,0
as_quarrelsome,0,0,0,0,0,0,0,0,0,0,0,0,0,0,0,0,1,0,0
as_questionable,3,0,0,0,0,0,0,0,0,0,0,0,0,0,0,0,1,0,0
as_riled,1,0,0,0,0,0,0,0,0,0,0,0,0,0,0,0,0,0,0
as_small-minded,1,0,0,0,0,0,0,0,0,0,0,0,0,0,0,0,0,0,0
as_vague,12,0,0,0,0,0,0,0,0,0,0,0,0,0,0,0,0,0,0
as_vitriolic,1,0,0,0,0,0,0,0,0,0,0,0,1,0,0,0,0,0,0
awfully_cheap,4,0,0,0,0,0,0,0,0,0,0,0,0,0,0,0,0,0,0
awfully_streaky,1,0,0,0,0,0,0,0,0,0,0,0,0,0,0,0,0,0,0
basically_dead,10,0,0,0,0,0,0,0,0,0,0,0,0,0,0,0,0,0,0
basically_empty,1,0,0,0,0,0,0,0,0,0,0,0,0,0,0,0,0,0,0
basically_incumbent,1,0,0,0,0,0,0,0,0,0,0,0,0,0,0,0,0,0,0
basically_optimistic,4,0,0,0,0,0,0,0,0,0,0,0,0,0,0,0,0,0,0
bit_desperate,1,0,0,0,0,0,0,0,0,0,0,0,0,0,0,0,0,0,0
bit_strong,6,0,0,0,0,0,0,0,0,0,0,0,0,0,0,0,0,0,0
bit_wary,2,0,0,0,0,0,0,0,0,0,0,0,0,0,0,0,0,0,0
brutally_long,1,0,0,0,0,0,0,0,0,0,0,0,0,0,0,0,0,0,0
certainly_full,3,0,0,0,0,0,0,0,0,0,0,0,0,0,0,0,0,0,0
characteristically_secretive,1,0,0,0,0,0,0,0,0,0,0,0,0,0,0,0,0,0,0
clearly_inferior,5,0,0,0,0,0,0,0,0,0,0,0,0,0,0,0,0,0,0
clearly_satirical,1,0,0,0,0,0,0,0,0,0,0,0,0,0,0,0,0,0,0
completely_debilitating,2,0,0,0,0,0,0,0,0,0,0,0,0,0,0,0,0,0,0
continually_soggy,1,0,0,0,0,0,0,0,0,0,0,0,0,0,0,0,0,0,0
cumbersomely_tethered,1,0,0,0,0,0,0,0,0,0,0,0,0,0,0,0,0,0,0
currently_entangled,2,0,0,0,0,0,0,0,0,0,0,0,0,0,0,0,0,0,0
currently_export-driven,2,0,0,0,0,0,0,0,0,0,0,0,0,0,0,0,0,0,0
currently_overweight,2,0,0,0,0,0,0,0,0,0,0,0,0,0,0,0,0,0,0
deathly_ill,6,0,0,0,0,0,0,0,0,0,0,0,0,0,0,0,0,0,0
decadently_rich,1,0,0,0,0,0,0,0,0,0,0,0,0,0,0,0,0,0,0
decidedly_dowdy,1,0,0,0,0,0,0,0,0,0,0,0,0,0,0,0,0,0,0
deeply_undercut,1,0,0,0,0,0,0,0,0,0,0,0,0,0,0,0,0,0,0
deeply_upset,7,0,0,0,0,0,0,0,0,0,0,0,0,0,0,0,0,0,0
definitely_different,20,0,0,0,0,0,0,0,0,0,0,0,0,0,0,0,0,0,0
deliberately_nonpartisan,1,0,0,0,0,0,0,0,0,0,0,0,0,0,0,0,0,0,0
deliciously_appellatory,1,0,0,0,0,0,0,0,0,0,0,0,0,0,0,0,0,0,0
dismayingly_difficult,1,0,0,0,0,0,0,0,0,0,0,0,0,0,0,0,0,0,0
disproportionately_significant,1,0,0,0,0,0,0,0,0,0,0,0,0,0,0,0,0,0,0
distinctly_armanian,1,0,0,0,0,0,0,0,0,0,0,0,0,0,0,0,0,0,0
disturbingly_inconsistent,2,0,0,0,0,0,0,0,0,0,0,0,0,0,0,0,0,0,0
downright_bad,2,0,0,0,0,0,0,0,0,0,0,0,0,0,0,0,0,0,0
downright_irresistible,1,0,0,0,0,0,0,0,0,0,0,0,0,0,0,0,0,0,0
easily_able,16,0,0,0,0,0,0,0,0,0,0,0,0,0,0,0,0,0,0
easily_adjustable,1,0,0,0,0,0,0,0,0,0,0,0,0,0,0,0,0,0,0
economically_obliged,0,0,0,0,0,0,0,0,0,0,0,0,0,0,0,0,1,0,0
effectively_worthless,1,0,0,0,0,0,0,0,0,0,0,0,0,0,0,0,0,0,0
either_bandaged,1,0,0,0,0,0,0,0,0,0,0,0,0,0,0,0,0,0,0
either_nice,1,0,0,0,0,0,0,0,0,0,0,0,0,0,0,0,0,0,0
eminently_marketable,1,0,0,0,0,0,0,0,0,0,0,0,0,0,0,0,0,0,0
enormously_creative,1,0,0,0,0,0,0,0,0,0,0,0,0,0,0,0,0,0,0
entirely_ethical,1,0,0,0,0,0,0,0,0,0,0,0,0,0,0,0,0,0,0
entirely_indigenous,1,0,0,0,0,0,0,0,0,0,0,0,0,0,0,0,0,0,0
entirely_mechanical,1,0,0,0,0,0,0,0,0,0,0,0,0,0,0,0,0,0,0
entirely_passe,0,0,0,0,0,0,0,0,0,0,0,0,0,0,0,0,1,0,0
entirely_premature,6,0,0,0,0,0,0,0,0,0,0,0,0,0,0,0,0,0,0
entirely_spontaneous,0,0,0,0,0,0,0,0,0,0,0,0,0,0,0,0,1,0,0
entirely_symbolic,2,0,0,0,0,0,0,0,0,0,0,0,0,0,0,0,0,0,0
equally_audacious,1,0,0,0,0,0,0,0,0,0,0,0,0,0,0,0,0,0,0
equally_elaborate,1,0,0,0,0,0,0,0,0,0,0,0,0,0,0,0,0,0,0
equally_illogical,1,0,0,0,0,0,0,0,0,0,0,0,0,0,0,0,0,0,0
equally_needy,1,0,0,0,0,0,0,0,0,0,0,0,0,0,0,0,0,0,0
equally_sweet,2,0,0,0,0,0,0,0,0,0,0,0,0,0,0,0,0,0,0
equally_unwilling,5,0,0,0,0,0,0,0,0,0,0,0,0,0,0,0,0,0,0
equally_voracious,1,0,0,0,0,0,0,0,0,0,0,0,0,0,0,0,0,0,0
erotically_tense,1,0,0,0,0,0,0,0,0,0,0,0,0,0,0,0,0,0,0
especially_convincing,7,0,0,0,0,0,0,0,0,0,0,0,0,0,0,0,0,0,0
especially_far-reaching,1,0,0,0,0,0,0,0,0,0,0,0,0,0,0,0,0,0,0
even_bucolic,1,0,0,0,0,0,0,0,0,0,0,0,0,0,0,0,0,0,0
even_conceivable,5,0,0,0,0,0,0,0,0,0,0,0,0,0,0,0,0,0,0
even_courteous,1,0,0,0,0,0,0,0,0,0,0,0,0,0,0,0,0,0,0
even_emotional,3,0,0,0,0,0,0,0,0,0,0,0,0,0,0,0,0,0,0
evenly_balanced,19,0,0,0,0,0,0,0,0,0,0,0,0,0,0,0,0,0,0
exactly_astute,1,0,0,0,0,0,0,0,0,0,0,0,0,0,0,0,0,0,0
exactly_clouded,0,0,0,0,0,0,0,0,0,0,0,0,0,0,0,0,1,0,0
exactly_diving,0,0,0,0,0,0,0,0,0,0,0,0,0,0,0,0,1,0,0
exactly_fall-like,0,0,0,0,0,0,0,0,0,0,0,0,0,0,0,0,1,0,0
exactly_sylphlike,0,0,0,0,0,0,0,0,0,0,0,0,0,0,0,0,1,0,0
exceedingly_grateful,2,0,0,0,0,0,0,0,0,0,0,0,0,0,0,0,0,0,0
exceptionally_fibrous,1,0,0,0,0,0,0,0,0,0,0,0,0,0,0,0,0,0,0
exceptionally_mealy-mouthed,1,0,0,0,0,0,0,0,0,0,0,0,0,0,0,0,0,0,0
excessively_chauvinistic,1,0,0,0,0,0,0,0,0,0,0,0,0,0,0,0,0,0,0
excessively_long,4,0,0,0,0,0,0,0,0,0,0,0,0,0,0,0,0,0,0
excruciatingly_embarrassing,1,0,0,0,0,0,0,0,0,0,0,0,0,0,0,0,0,0,0
excruciatingly_hot,1,0,0,0,0,0,0,0,0,0,0,0,0,0,0,0,0,0,0
exhilaratingly_clear,1,0,0,0,0,0,0,0,0,0,0,0,0,0,0,0,0,0,0
extremely_coveted,1,0,0,0,0,0,0,0,0,0,0,0,0,0,0,0,0,0,0
extremely_goal-oriented,1,0,0,0,0,0,0,0,0,0,0,0,0,0,0,0,0,0,0
extremely_handsome,1,0,0,0,0,0,0,0,0,0,0,0,0,0,0,0,0,0,0
extremely_indignant,1,0,0,0,0,0,0,0,0,0,0,0,0,0,0,0,0,0,0
extremely_scarce,5,0,0,0,0,0,0,0,0,0,0,0,0,0,0,0,0,0,0
extremely_social,2,0,0,0,0,0,0,0,0,0,0,0,0,0,0,0,0,0,0
extremely_tedious,1,0,0,0,0,0,0,0,0,0,0,0,0,0,0,0,0,0,0
extremely_vague,2,0,0,0,0,0,0,0,0,0,0,0,0,0,0,0,0,0,0
fairly_fundamental,1,0,0,0,0,0,0,0,0,0,0,0,0,0,0,0,0,0,0
fairly_messy,1,0,0,0,0,0,0,0,0,0,0,0,0,0,0,0,0,0,0
fairly_notorious,1,0,0,0,0,0,0,0,0,0,0,0,0,0,0,0,0,0,0
fairly_possible,1,0,0,0,0,0,0,0,0,0,0,0,0,0,0,0,0,0,0
fashionably_shabby,1,0,0,0,0,0,0,0,0,0,0,0,0,0,0,0,0,0,0
fast_growing,0,0,0,0,0,0,0,0,0,0,0,0,0,0,0,0,1,0,0
first_sweet,1,0,0,0,0,0,0,0,0,0,0,0,0,0,0,0,0,0,0
frighteningly_slow,1,0,0,0,0,0,0,0,0,0,0,0,0,0,0,0,0,0,0
frustratingly_low,1,0,0,0,0,0,0,0,0,0,0,0,0,0,0,0,0,0,0
fully_alive,3,0,0,0,0,0,0,0,1,0,0,0,0,0,0,0,0,0,0
fully_american,1,0,0,0,0,0,0,0,0,0,0,0,0,0,0,0,0,0,0
fully_reciprocal,1,0,0,0,0,0,0,0,0,0,0,0,0,0,0,0,0,0,0
furiously_funny,2,0,0,0,0,0,0,0,0,0,0,0,0,0,0,0,0,0,0
generally_bouncy,1,0,0,0,0,0,0,0,0,0,0,0,0,0,0,0,0,0,0
generally_colorless,1,0,0,0,0,0,0,0,0,0,0,0,0,0,0,0,0,0,0
generally_curious,1,0,0,0,0,0,0,0,0,0,0,0,0,0,0,0,0,0,0
genetically_unable,1,0,0,0,0,0,0,0,0,0,0,0,0,0,0,0,0,0,0
genuinely_afraid,4,0,0,0,0,0,0,0,0,0,0,0,0,0,0,0,0,0,0
gift-tax_exempt,1,0,0,0,0,0,0,0,0,0,0,0,0,0,0,0,0,0,0
gradually_aware,1,0,0,0,0,0,0,0,0,0,0,0,0,0,0,0,0,0,0
grammatically_consistent,1,0,0,0,0,0,0,0,0,0,0,0,0,0,0,0,0,0,0
grossly_oversold,1,0,0,0,0,0,0,0,0,0,0,0,0,0,0,0,0,0,0
half-a-million_strong,1,0,0,0,0,0,0,0,0,0,0,0,0,0,0,0,0,0,0
happily_corpulent,1,0,0,0,0,0,0,0,0,0,0,0,0,0,0,0,0,0,0
highly_uncharacteristic,1,0,0,0,0,0,0,0,0,0,0,0,0,0,0,0,0,0,0
hilariously_unhelpful,1,0,0,0,0,0,0,0,0,0,0,0,0,0,0,0,0,0,0
historically_allergic,1,0,0,0,0,0,0,0,0,0,0,0,0,0,0,0,0,0,0
historically_under-reported,1,0,0,0,0,0,0,0,0,0,0,0,0,0,0,0,0,0,0
histrionically_holier-than-clinton,1,0,0,0,0,0,0,0,0,0,0,0,0,0,0,0,0,0,0
honestly_curious,1,0,0,0,0,0,0,0,0,0,0,0,0,0,0,0,0,0,0
hugely_funny,1,0,0,0,0,0,0,0,0,0,0,0,0,0,0,0,0,0,0
hugely_happy,2,0,0,0,0,0,0,0,0,0,0,0,0,0,0,0,0,0,0
immediately_perceptible,1,0,0,0,0,0,0,0,0,0,0,0,0,0,0,0,0,0,0
immensely_winning,1,0,0,0,0,0,0,0,0,0,0,0,0,0,0,0,0,0,0
impeccably_mainstream,1,0,0,0,0,0,0,0,0,0,0,0,0,0,0,0,0,0,0
inadvertently_funny,1,0,0,0,0,0,0,0,0,0,0,0,0,0,0,0,0,0,0
increasingly_cautious,2,0,0,0,0,0,0,0,0,0,0,0,0,0,0,0,0,0,0
increasingly_dangerous,2,0,0,0,0,0,0,0,0,0,0,0,0,0,0,0,0,0,0
increasingly_footloose,1,0,0,0,0,0,0,0,0,0,0,0,0,0,0,0,0,0,0
incredibly_basic,1,0,0,0,0,0,0,0,0,0,0,0,0,0,0,0,0,0,0
incredibly_comprehensive,2,0,0,0,0,0,0,0,0,0,0,0,0,0,0,0,0,0,0
incredibly_intense,2,0,0,0,0,0,0,0,0,0,0,0,0,0,0,0,0,0,0
indeed_willing,2,0,0,0,0,0,0,0,0,0,0,0,0,0,0,0,0,0,0
infinitessimally_low,1,0,0,0,0,0,0,0,0,0,0,0,0,0,0,0,0,0,0
inherently_controversial,0,0,0,0,0,0,0,0,0,0,0,0,0,0,0,0,1,0,0
initially_apprehensive,2,0,0,0,0,0,0,0,0,0,0,0,0,0,0,0,0,0,0
initially_unhappy,2,0,0,0,0,0,0,0,0,0,0,0,0,0,0,0,0,0,0
instinctively_hostile,1,0,0,0,0,0,0,0,0,0,0,0,0,0,0,0,0,0,0
intensely_annoying,1,0,0,0,0,0,0,0,0,0,0,0,0,0,0,0,0,0,0
intensely_rich,1,0,0,0,0,0,0,0,0,0,0,0,0,0,0,0,0,0,0
internationally_outlawed,1,0,0,0,0,0,0,0,0,0,0,0,0,0,0,0,0,0,0
irrevocably_impaired,1,0,0,0,0,0,0,0,0,0,0,0,0,0,0,0,0,0,0
just_boring,9,0,0,0,0,0,0,0,0,0,0,0,0,0,0,0,0,0,0
just_commemorated,0,0,0,0,0,0,0,0,0,0,0,0,0,0,0,0,1,0,0
just_lonely,1,0,0,0,0,0,0,0,0,0,0,0,0,0,0,0,0,0,0
just_musical,1,0,0,0,0,0,0,0,0,0,0,0,0,0,0,0,0,0,0
just_significant,0,0,0,0,0,0,0,0,0,0,0,0,0,0,0,0,1,0,0
just_smooth,1,0,0,0,0,0,0,0,0,0,0,0,0,0,0,0,0,0,0
just_so-so,7,0,0,0,0,0,0,0,0,0,0,0,0,0,0,0,0,0,0
just_unknown,1,0,0,0,0,0,0,0,0,0,0,0,0,0,0,0,0,0,0
just_waitin,2,0,0,0,0,0,0,0,0,0,0,0,0,0,0,0,0,0,0
justifiably_humble,1,0,0,0,0,0,0,0,0,0,0,0,0,0,0,0,0,0,0
largely_reliant,3,0,0,0,0,0,0,0,0,0,0,0,0,0,0,0,0,0,0
legally_proper,1,0,0,0,0,0,0,0,0,0,0,0,0,0,0,0,0,0,0
lightly_damaged,1,0,0,0,0,0,0,0,0,0,0,0,0,0,0,0,0,0,0
lightly_italian,1,0,0,0,0,0,0,0,0,0,0,0,0,0,0,0,0,0,0
literally_exponential,1,0,0,0,0,0,0,0,0,0,0,0,0,0,0,0,0,0,0
low_fat,3,0,0,0,0,0,0,0,0,0,0,0,0,0,0,0,2,0,0
massively_strong,1,0,0,0,0,0,0,0,0,0,0,0,0,0,0,0,0,0,0
mathematically_possible,10,0,0,0,0,0,0,0,0,0,0,0,0,0,0,0,2,0,0
mildly_retarded,5,0,0,0,0,0,0,0,0,0,0,0,0,0,0,0,0,0,0
moderately_palatable,1,0,0,0,0,0,0,0,0,0,0,0,0,0,0,0,0,0,0
momentarily_speechless,2,0,0,0,0,0,0,0,0,0,0,0,0,0,0,0,0,0,0
morally_peculiar,1,0,0,0,0,0,0,0,0,0,0,0,0,0,0,0,0,0,0
mostly_ravel,1,0,0,0,0,0,0,0,0,0,0,0,0,0,0,0,0,0,0
much_mad,0,0,0,0,0,0,0,0,0,0,0,0,0,0,0,0,1,0,0
naturally_republican,1,0,0,0,0,0,0,0,0,0,0,0,0,0,0,0,0,0,0
naturally_sexual,1,0,0,0,0,0,0,0,0,0,0,0,0,0,0,0,0,0,0
nearly_invulnerable,2,0,0,0,0,0,0,0,0,0,0,0,0,0,0,0,0,0,0
necessarily_eager,0,0,0,0,0,0,0,0,0,0,0,0,0,0,0,0,1,0,0
necessarily_enthusiastic,0,0,0,0,0,0,0,0,0,0,0,0,0,0,0,0,1,0,0
necessarily_indicative,2,0,0,0,0,0,0,0,0,0,0,0,0,0,0,0,3,0,0
nicely_hateful,1,0,0,0,0,0,0,0,0,0,0,0,0,0,0,0,0,0,0
nicely_raucous,1,0,0,0,0,0,0,0,0,0,0,0,0,0,0,0,0,0,0
no_equestrian,1,0,0,0,0,0,0,0,0,0,0,0,0,0,0,0,0,0,0
normally_windy,1,0,0,0,0,0,0,0,0,0,0,0,0,0,0,0,0,0,0
notoriously_generous,1,0,0,0,0,0,0,0,0,0,0,0,0,0,0,0,0,0,0
now_10-1,1,0,0,0,0,0,0,0,0,0,0,0,0,0,0,0,0,0,0
now_11-12,1,0,0,0,0,0,0,0,0,0,0,0,0,0,0,0,0,0,0
now_18-0,1,0,0,0,0,0,0,0,0,0,0,0,0,0,0,0,0,0,0
now_black,1,0,0,0,0,0,0,0,0,0,0,0,0,0,0,0,0,0,0
now_such,4,0,0,0,0,0,0,0,0,0,0,0,0,0,0,0,0,0,0
now_unimaginable,1,0,0,0,0,0,0,0,0,0,0,0,0,0,0,0,0,0,0
obviously_awash,1,0,0,0,0,0,0,0,0,0,0,0,0,0,0,0,0,0,0
obviously_outrageous,1,0,0,0,0,0,0,0,0,0,0,0,0,0,0,0,0,0,0
obviously_sincere,2,0,0,0,0,0,0,0,0,0,0,0,0,0,0,0,0,0,0
obviously_successful,2,0,0,0,0,0,0,0,0,0,0,0,0,0,0,0,0,0,0
oddly_inappropriate,1,0,0,0,0,0,0,0,0,0,0,0,0,0,0,0,0,0,0
off_key,4,0,0,0,0,0,0,0,0,0,0,0,0,0,0,0,0,0,0
often_apathetic,1,0,0,0,0,0,0,0,0,0,0,0,0,0,0,0,0,0,0
often_inappropriate,3,0,0,0,0,0,0,0,0,0,0,0,0,0,0,0,0,0,0
often_lax,3,0,0,0,0,0,0,0,0,0,0,0,0,0,0,0,0,0,0
often_re-used,1,0,0,0,0,0,0,0,0,0,0,0,0,0,0,0,0,0,0
often_rumpled,1,0,0,0,0,0,0,0,0,0,0,0,0,0,0,0,0,0,0
often_sorry,1,0,0,0,0,0,0,0,0,0,0,0,0,0,0,0,0,0,0
once_desolate,1,0,0,0,0,0,0,0,0,0,0,0,0,0,0,0,0,0,0
once_flawless,1,0,0,0,0,0,0,0,0,0,0,0,0,0,0,0,0,0,0
once_prevalent,4,0,0,0,0,0,0,0,0,0,0,0,0,0,0,0,0,0,0
only_1-in-18,1,0,0,0,0,0,0,0,0,0,0,0,0,0,0,0,0,0,0
only_day2,1,0,0,0,0,0,0,0,0,0,0,0,0,0,0,0,0,0,0
only_effective,16,0,0,0,0,0,0,0,0,0,0,0,0,0,0,0,3,0,0
only_silly,2,0,0,0,0,0,0,0,0,0,0,0,0,0,0,0,1,0,0
only_street-real,0,0,0,0,0,0,0,0,0,0,0,0,0,0,0,0,1,0,0
only_valid,8,0,0,0,0,0,0,0,0,0,0,0,0,0,0,0,0,0,0
openly_critical,33,0,0,0,1,0,0,0,0,0,0,0,0,0,0,0,3,0,0
outspokenly_proud,1,0,0,0,0,0,0,0,0,0,0,0,0,0,0,0,0,0,0
overly_conservative,8,0,0,0,0,0,0,0,0,0,0,0,0,0,0,0,0,0,0
overly_intellectual,0,0,0,1,0,0,0,0,0,0,0,0,0,0,0,0,0,0,0
overtly_partisan,1,0,0,0,0,0,0,0,0,0,0,0,0,0,0,0,2,0,0
overwhelmingly_orthodox,2,0,0,0,0,0,0,0,0,0,0,0,0,0,0,0,0,0,0
painfully_numerous,1,0,0,0,0,0,0,0,0,0,0,0,0,0,0,0,0,0,0
particularly_annoyed,8,0,0,0,0,0,0,0,0,0,0,0,0,0,0,0,0,0,0
particularly_beautiful,4,0,0,0,0,0,0,0,0,0,0,0,0,0,0,0,2,0,0
particularly_cash-heavy,1,0,0,0,0,0,0,0,0,0,0,0,0,0,0,0,0,0,0
particularly_chancy,1,0,0,0,0,0,0,0,0,0,0,0,0,0,0,0,0,0,0
particularly_delicate,5,0,0,0,0,0,0,0,0,0,0,0,0,0,0,0,0,0,0
particularly_discouraged,1,0,0,0,0,0,0,0,0,0,0,0,0,0,0,0,0,0,0
particularly_dominant,2,0,0,0,0,0,0,0,0,0,0,0,0,0,0,0,0,0,0
particularly_melancholy,1,0,0,0,0,0,0,0,0,0,0,0,0,0,0,0,0,0,0
particularly_punishing,1,0,0,0,0,0,0,0,0,0,0,0,0,0,0,0,0,0,0
particularly_soft,2,0,0,0,0,0,0,0,0,0,0,0,0,0,0,0,0,0,0
perfectly_satisfying,1,0,0,0,0,0,0,0,0,0,0,0,0,0,0,0,0,0,0
perfectly_slimy,1,0,0,0,0,0,0,0,0,0,0,0,0,0,0,0,0,0,0
perhaps_ready,1,0,0,0,0,0,0,0,0,0,0,0,0,0,0,0,0,0,0
perhaps_smart,1,0,0,0,0,0,0,0,0,0,0,0,0,0,0,0,0,0,0
personally_curious,1,0,0,0,0,0,0,0,0,0,0,0,0,0,0,0,0,0,0
phrased_such,1,0,0,0,0,0,0,0,0,0,0,0,0,0,0,0,0,0,0
physically_decrepit,1,0,0,0,0,0,0,0,0,0,0,0,0,0,0,0,0,0,0
piously_independent,1,0,0,0,0,0,0,0,0,0,0,0,0,0,0,0,0,0,0
plain_dumb,8,0,0,0,0,0,0,0,0,0,0,0,0,0,0,0,0,0,0
plain_greedy,2,0,0,0,0,0,0,0,0,0,0,0,0,0,0,0,0,0,0
plainly_odd,1,0,0,0,0,0,0,0,0,0,0,0,0,0,0,0,0,0,0
pleasantly_doable,1,0,0,0,0,0,0,0,0,0,0,0,0,0,0,0,0,0,0
politically_beholden,1,0,0,0,0,0,0,0,0,0,0,0,0,0,0,0,0,0,0
politically_offensive,0,0,0,0,0,0,0,0,0,0,0,0,0,0,0,0,0,1,0
politically_realistic,3,0,0,0,0,0,0,0,0,0,1,0,0,0,0,0,1,0,0
politically_unfortunate,1,0,0,0,0,0,0,0,0,0,0,0,0,0,0,0,0,0,0
potentially_unwise,1,0,0,0,0,0,0,0,0,0,0,0,0,0,0,0,0,0,0
practically_wet,1,0,0,0,0,0,0,0,0,0,0,0,0,0,0,0,0,0,0
predictably_dour,1,0,0,0,0,0,0,0,0,0,0,0,0,0,0,0,0,0,0
predominantly_romance,1,0,0,0,0,0,0,0,0,0,0,0,0,0,0,0,0,0,0
pretty_astounding,5,0,0,0,0,0,0,0,0,0,0,0,0,0,0,0,0,0,0
pretty_competitive,11,0,0,0,0,0,0,0,0,0,0,0,0,0,0,0,0,0,0
pretty_dangerous,15,0,0,0,0,0,0,0,0,0,0,0,0,0,0,0,0,0,0
pretty_drunk,2,0,0,0,0,0,0,0,0,0,0,0,0,0,0,0,0,0,0
pretty_heinous,1,0,0,0,0,0,0,0,0,0,0,0,0,0,0,0,0,0,0
pretty_horrific,4,0,0,0,0,0,0,0,0,0,0,0,0,0,0,0,0,0,0
pretty_inspiring,2,0,0,0,0,0,0,0,0,0,0,0,0,0,0,0,0,0,0
pretty_thick-skinned,3,0,0,0,0,0,0,0,0,0,0,0,0,0,0,0,0,0,0
probably_cold,2,0,0,0,0,0,0,0,0,0,0,0,0,0,0,0,0,0,0
probably_helpful,3,0,0,0,0,0,0,0,0,0,0,0,0,0,0,0,0,0,0
probably_invisible,1,0,0,0,0,0,0,0,0,0,0,0,0,0,0,0,0,0,0
probably_savvy,1,0,0,0,0,0,0,0,0,0,0,0,0,0,0,0,0,0,0
profoundly_evil,1,0,0,0,0,0,0,0,0,0,0,0,0,0,0,0,0,0,0
profoundly_sad,6,0,0,0,0,0,0,0,0,0,0,0,0,0,0,0,0,0,0
profoundly_solitary,1,0,0,0,0,0,0,0,0,0,0,0,0,0,0,0,0,0,0
properly_supervised,1,0,0,0,0,0,0,0,0,0,0,0,0,0,0,0,1,0,0
publicly_militant,0,0,0,0,0,0,0,0,0,0,0,0,0,0,0,0,1,0,0
publicly_silent,6,0,0,0,0,0,0,0,0,0,0,0,0,0,0,0,0,0,0
quietly_pleased,1,0,0,0,0,1,0,0,0,0,0,0,0,0,0,0,0,0,0
quite_brave,4,0,0,0,0,0,0,0,0,0,0,0,0,0,0,0,1,0,0
quite_curious,2,0,0,0,0,0,0,0,0,0,0,0,0,0,0,0,0,0,0
quite_definitive,1,0,0,0,0,0,0,0,0,0,0,0,0,0,0,0,0,0,0
quite_meager,1,0,0,0,0,0,0,0,0,0,0,0,0,0,0,0,0,0,0
quite_necessary,1,0,0,0,0,0,0,0,0,0,0,0,0,0,0,0,0,0,0
quite_serious,32,0,0,0,0,0,0,0,0,0,0,0,0,0,0,0,0,0,0
quite_sizeable,1,0,0,0,0,0,0,0,0,0,0,0,0,0,0,0,0,0,0
quite_strict,6,0,0,0,0,0,0,0,0,0,0,0,0,0,0,0,0,0,0
rather_hokey,1,0,0,0,0,0,0,0,0,0,0,0,0,0,0,0,0,0,0
rather_stagnant,1,0,0,0,0,0,0,0,0,0,0,0,0,0,0,0,0,0,0
real_churchy,1,0,0,0,0,0,0,0,0,0,0,0,0,0,0,0,0,0,0
real_personal,6,0,0,0,0,0,0,0,0,0,0,0,0,0,0,0,0,0,0
really_alternative,0,0,0,0,0,0,0,0,0,0,0,0,0,0,0,0,1,0,0
really_critical,25,0,0,0,0,0,0,0,0,0,0,0,0,0,0,0,1,1,0
really_dreadful,1,0,0,0,0,0,0,0,0,0,0,0,0,0,0,0,0,1,0
really_puritans,1,0,0,0,0,0,0,0,0,0,0,0,0,0,0,0,0,0,0
really_resilient,1,0,0,0,0,0,0,0,0,0,0,0,0,0,0,0,0,0,0
really_revolutionary,2,0,0,0,0,0,0,0,0,0,0,0,0,0,0,0,0,0,0
really_ukraine,1,0,0,0,0,0,0,0,0,0,0,0,0,0,0,0,0,0,0
reasonably_economic,1,0,0,0,0,0,0,0,0,0,0,0,0,0,0,0,0,0,0
reasonably_warm,2,0,0,0,0,0,0,0,0,0,0,0,0,0,0,0,0,0,0
relatively_narrow,8,0,0,0,0,0,0,0,0,0,0,0,0,0,0,0,0,0,0
relatively_soundless,1,0,0,0,0,0,0,0,0,0,0,0,0,0,0,0,0,0,0
remarkably_liberal,1,0,0,0,0,0,0,0,0,0,0,0,0,0,0,0,0,0,0
remarkably_sexless,1,0,0,0,0,0,0,0,0,0,0,0,0,0,0,0,0,0,0
remotely_objective,0,0,0,0,0,0,1,0,0,0,0,0,1,0,0,0,0,0,0
remotely_offensive,0,0,0,0,0,0,0,0,0,0,0,0,0,0,0,0,1,0,0
rightly_wary,1,0,0,0,0,0,0,0,0,0,0,0,0,0,0,0,0,0,0
shockingly_generous,1,0,0,0,0,0,0,0,0,0,0,0,0,0,0,0,0,0,0
shockingly_thin,1,0,0,0,0,0,0,0,0,0,0,0,0,0,0,0,0,0,0
similarly_dogmatic,1,0,0,0,0,0,0,0,0,0,0,0,0,0,0,0,0,0,0
similarly_expendable,1,0,0,0,0,0,0,0,0,0,0,0,0,0,0,0,0,0,0
simply_evangelism,1,0,0,0,0,0,0,0,0,0,0,0,0,0,0,0,0,0,0
simply_grilled,1,0,0,0,0,0,0,0,0,0,0,0,0,0,0,0,0,0,0
simply_ignorant,1,0,0,0,0,0,0,0,0,0,0,0,0,0,0,0,0,0,0
singularly_unsuccessful,1,0,0,0,0,0,0,0,0,0,0,0,0,0,0,0,0,0,0
slightly_inflated,1,0,0,0,0,0,0,0,0,0,0,0,0,0,0,0,0,0,0
slightly_muddy,1,0,0,0,0,0,0,0,0,0,0,0,0,0,0,0,0,0,0
so_apparent,13,0,0,0,0,0,0,0,0,0,0,0,0,0,0,0,7,0,0
so_bewildering,1,0,0,0,0,0,0,0,0,0,0,0,0,0,0,0,0,0,0
so_captivated,2,0,0,0,0,0,0,0,0,0,0,0,0,0,0,0,0,0,0
so_endemic,5,0,0,0,0,0,0,0,0,0,0,0,0,0,0,0,0,0,0
so_flamboyant,4,0,0,0,0,0,0,0,0,0,0,0,0,0,0,0,0,0,0
so_good-looking,4,0,0,0,0,0,0,0,0,0,0,0,0,0,0,0,0,0,0
so_groovy,1,0,0,0,0,0,0,0,0,0,0,0,0,0,0,0,0,0,0
so_high-minded,2,0,0,0,0,0,0,0,0,0,0,0,0,0,0,0,2,0,0
so_insoluble,1,0,0,0,0,0,0,0,0,0,0,0,0,0,0,0,0,0,0
so_irregular,4,0,0,0,0,0,0,0,0,0,1,0,0,0,0,0,0,0,0
so_isolating,1,0,0,0,0,0,0,0,0,0,0,0,0,0,0,0,0,0,0
so_jealous,20,0,0,0,0,0,0,0,0,0,0,0,0,0,0,0,0,0,0
so_muted,3,0,0,0,0,0,0,0,0,0,0,0,0,0,0,0,1,0,0
so_personality-driven,1,0,0,0,0,0,0,0,0,0,0,0,0,0,0,0,0,0,0
so_refreshed,1,0,0,0,0,0,0,0,0,0,0,0,0,0,0,0,0,0,0
so_single-minded,2,0,0,0,0,0,0,0,0,0,0,0,0,0,0,0,0,0,0
so_trainable,1,0,0,0,0,0,0,0,0,0,0,0,0,0,0,0,0,0,0
so_user-friendly,2,0,0,0,0,0,0,0,0,0,0,0,0,0,0,0,0,0,0
socially_unjust,2,0,0,0,0,0,0,0,0,0,0,0,0,0,0,0,0,0,0
someplace_warm,1,0,0,0,0,0,0,0,0,0,0,0,0,0,0,0,0,0,0
sometimes_chilly,1,0,0,0,0,0,0,0,0,0,0,0,0,0,0,0,0,0,0
sometimes_costly,1,0,0,0,0,0,0,0,0,0,0,0,0,0,0,0,0,0,0
sometimes_hyperactive,1,0,0,0,0,0,0,0,0,0,0,0,0,0,0,0,0,0,0
sometimes_sweet,1,0,0,0,0,0,0,0,0,0,0,0,0,0,0,0,0,0,0
sometimes_wrong,2,0,0,0,0,0,0,0,0,0,0,0,0,0,0,0,0,0,0
somewhat_astounded,3,0,0,0,0,0,0,0,0,0,0,0,0,0,0,0,0,0,0
somewhat_new,9,0,0,0,0,0,0,0,0,0,0,0,0,0,0,0,0,0,0
somewhat_soupy,1,0,0,0,0,0,0,0,0,0,0,0,0,0,0,0,0,0,0
somewhat_sporadic,1,0,0,0,0,0,0,0,0,0,0,0,0,0,0,0,0,0,0
soon_able,4,0,0,0,0,0,0,0,0,0,0,0,0,0,0,0,0,0,0
specifically_racial,1,0,0,0,0,0,0,0,0,0,0,0,0,0,0,0,0,0,0
spiritually_uplifting,1,0,0,0,0,0,0,0,0,0,0,0,0,0,0,0,0,0,0
squishy_soft,1,0,0,0,0,0,0,0,0,0,0,0,0,0,0,0,0,0,0
statistically_meaningful,1,0,0,0,0,0,0,0,0,0,0,0,0,0,0,0,1,0,0
staunchly_bent,1,0,0,0,0,0,0,0,0,0,0,0,0,0,0,0,0,0,0
stereotypically_beautiful,1,0,0,0,0,0,0,0,0,0,0,0,0,0,0,0,0,0,0
still_best-known,2,0,0,0,0,0,0,0,0,0,0,0,0,0,0,0,0,0,0
still_bigoted,1,0,0,0,0,0,0,0,0,0,0,0,0,0,0,0,0,0,0
still_broccoli,1,0,0,0,0,0,0,0,0,0,0,0,0,0,0,0,0,0,0
still_generous,1,0,0,0,0,0,0,0,0,0,0,0,0,0,0,0,0,0,0
still_green,23,0,0,0,0,0,0,0,0,0,0,0,0,0,0,0,0,0,0
still_obvious,3,0,0,0,0,0,0,0,0,0,0,0,0,0,0,0,0,0,0
still_passive,1,0,0,0,0,0,0,0,0,0,0,0,0,0,0,0,0,0,0
still_patriots,1,0,0,0,0,0,0,0,0,0,0,0,0,0,0,0,0,0,0
still_rudderless,1,0,0,0,0,0,0,0,0,0,0,0,0,0,0,0,0,0,0
still_semiconscious,1,0,0,0,0,0,0,0,0,0,0,0,0,0,0,0,0,0,0
still_shaky,13,0,0,0,0,0,0,0,0,0,0,0,0,0,0,0,0,0,0
still_sober,3,0,0,0,0,0,0,0,0,0,0,0,0,0,0,0,0,0,0
still_undefined,6,0,0,0,0,0,0,0,0,0,0,0,0,0,0,0,0,0,0
still_wealthy,1,0,0,0,0,0,0,0,0,0,0,0,0,0,0,0,0,0,0
strangely_mundane,1,0,0,0,0,0,0,0,0,0,0,0,0,0,0,0,0,0,0
strictly_hitters,1,0,0,0,0,0,0,0,0,0,0,0,0,0,0,0,0,0,0
strictly_vegetarian,1,0,0,0,0,0,0,0,0,0,0,0,0,0,0,0,1,0,0
strikingly_efficient,1,0,0,0,0,0,0,0,0,0,0,0,0,0,0,0,0,0,0
stunningly_facile,1,0,0,0,0,0,0,0,0,0,0,0,0,0,0,0,0,0,0
stunningly_incoherent,1,0,0,0,0,0,0,0,0,0,0,0,0,0,0,0,0,0,0
suddenly_single,1,0,0,0,0,0,0,0,0,0,0,0,0,0,0,0,0,0,0
sufficiently_generous,1,0,0,0,0,0,0,0,0,0,0,0,0,0,0,0,0,0,0
sufficiently_interesting,2,0,0,0,0,0,0,0,0,0,0,0,0,0,0,0,0,0,0
surprisingly_mixed,1,0,0,0,0,0,0,0,0,0,0,0,0,0,0,0,0,0,0
surprisingly_slow,4,0,0,0,0,0,0,0,0,0,0,0,0,0,0,0,0,0,0
tantalizingly_vague,1,0,0,0,0,0,0,0,0,0,0,0,0,0,0,0,0,0,0
technically_impossible,8,0,0,0,0,0,0,0,0,0,0,0,0,0,0,0,0,0,0
technically_legal,9,0,0,0,0,0,0,0,0,0,0,0,0,0,0,0,0,0,0
terribly_'89,1,0,0,0,0,0,0,0,0,0,0,0,0,0,0,0,0,0,0
terribly_squeamish,1,0,0,0,0,0,0,0,0,0,0,0,0,0,0,0,0,0,0
that_nosy,1,0,0,0,0,0,0,0,0,0,0,0,0,0,0,0,0,0,0
that_rosy,0,0,0,0,0,0,0,0,1,0,0,0,0,0,0,0,5,0,0
that_tired,1,0,0,0,0,0,0,0,0,0,0,0,0,0,0,0,1,0,0
that_unbelievable,0,0,0,0,0,0,0,0,0,0,0,0,0,0,0,0,2,0,0
thenceforth_good,1,0,0,0,0,0,0,0,0,0,0,0,0,0,0,0,0,0,0
therefore_confident,2,0,0,0,0,0,0,0,0,0,0,0,0,0,0,0,0,0,0
therefore_limited,1,0,0,0,0,0,0,0,0,0,0,0,0,0,0,0,0,0,0
too_highfalutin,2,0,0,0,0,0,0,0,0,0,0,0,0,0,0,0,0,0,0
too_obscene,1,0,0,0,0,0,0,0,0,0,0,0,0,0,0,0,0,0,0
too_puny,4,0,0,0,0,0,0,0,0,0,0,0,0,0,0,0,0,0,0
too_rightwing,1,0,0,0,0,0,0,0,0,0,0,0,0,0,0,0,0,0,0
totally_alone,3,0,0,0,0,0,0,0,0,0,0,0,0,0,0,0,1,0,0
totally_clear,5,0,0,0,0,0,0,0,0,0,0,0,0,0,0,0,6,0,0
totally_encouraging,0,0,0,0,0,0,0,0,0,0,0,0,0,0,0,0,1,0,0
totally_innocent,19,0,0,0,0,0,0,0,0,1,0,0,0,0,0,0,1,0,0
totally_isolated,7,0,0,0,0,0,0,0,1,0,0,0,0,0,0,0,0,0,0
totally_ludicrous,7,0,0,0,0,0,0,0,0,0,0,0,0,0,0,0,0,0,0
totally_secretive,1,0,0,0,0,0,0,0,0,0,0,0,0,0,0,0,0,0,0
totally_uncompromising,1,0,0,0,0,0,0,0,0,0,0,0,0,0,0,0,0,0,0
totally_uninvolving,1,0,0,0,0,0,0,0,0,0,0,0,0,0,0,0,0,0,0
transparently_self-indulgent,1,0,0,0,0,0,0,0,0,0,0,0,0,0,0,0,0,0,0
tremendously_exciting,17,0,0,0,0,0,0,0,0,0,0,0,0,0,0,0,0,0,0
truly_civil,1,0,0,0,0,0,0,0,0,0,0,0,0,0,0,0,0,0,0
truly_disheartening,1,0,0,0,0,0,0,0,0,0,0,0,0,0,0,0,0,0,0
truly_equal,2,0,0,0,0,0,0,0,0,0,0,0,0,0,0,0,0,1,0
typically_delightful,1,0,0,0,0,0,0,0,0,0,0,0,0,0,0,0,0,0,0
typically_russian,1,0,0,0,0,0,0,0,0,0,0,0,0,0,0,0,0,0,0
typically_tiny,1,0,0,0,0,0,0,0,0,0,0,0,0,0,0,0,0,0,0
typically_willing,5,0,0,0,0,0,0,0,0,0,0,0,0,0,0,0,0,0,0
unapologetically_pro-china,1,0,0,0,0,0,0,0,0,0,0,0,0,0,0,0,0,0,0
unbelievably_big,3,0,0,0,0,0,0,0,0,0,0,0,0,0,0,0,0,0,0
unexpectedly_fond,1,0,0,0,0,0,0,0,0,0,0,0,0,0,0,0,0,0,0
uniformly_hospitable,1,0,0,0,0,0,0,0,0,0,0,0,0,0,0,0,0,0,0
unusually_convincing,1,0,0,0,0,0,0,0,0,0,0,0,0,0,0,0,0,0,0
usually_balmy,1,0,0,0,0,0,0,0,0,0,0,0,0,0,0,0,0,0,0
usually_expensive,1,0,0,0,0,0,0,0,0,0,0,0,0,0,0,0,0,0,0
usually_grenache,1,0,0,0,0,0,0,0,0,0,0,0,0,0,0,0,0,0,0
usually_lax,1,0,0,0,0,0,0,0,0,0,0,0,0,0,0,0,0,0,0
usually_lethal,2,0,0,0,0,0,0,0,0,0,0,0,0,0,0,0,0,0,0
utterly_ashamed,1,0,0,0,0,0,0,0,0,0,0,0,0,0,0,0,0,0,0
utterly_charming,15,0,0,0,0,0,0,0,0,0,0,0,0,0,0,0,0,0,0
utterly_corrupting,1,0,0,0,0,0,0,0,0,0,0,0,0,0,0,0,0,0,0
utterly_dependent,4,0,0,0,0,0,0,0,0,0,0,0,0,0,0,0,0,0,0
utterly_unfit,1,0,0,0,0,0,0,0,0,0,0,0,0,0,0,0,0,0,0
vaguely_familiar,5,0,0,0,0,0,0,0,0,0,0,0,0,0,0,0,0,0,0
verbally_aggressive,3,0,0,0,0,0,0,0,0,0,0,0,0,0,0,0,0,0,0
very_absurd,1,0,0,0,0,0,0,0,0,0,0,0,0,0,0,0,0,0,0
very_accommodating,18,0,0,0,0,0,0,0,0,0,0,0,0,0,0,0,0,0,0
very_anti-tutsi,1,0,0,0,0,0,0,0,0,0,0,0,0,0,0,0,0,0,0
very_british,7,0,0,0,0,0,0,0,0,0,0,0,0,0,0,0,0,0,0
very_dull,4,0,0,0,0,0,0,0,0,0,0,0,0,0,0,0,0,0,0
very_easy,361,0,0,0,0,0,0,0,0,0,0,0,0,0,0,0,19,2,0
very_enthused,4,0,0,0,0,0,0,0,0,0,0,0,0,0,0,0,0,0,0
very_familial,1,0,0,0,0,0,0,0,0,0,0,0,0,0,0,0,0,0,0
very_grabby,1,0,0,0,0,0,0,0,0,0,0,0,0,0,0,0,0,0,0
very_inimical,1,0,0,0,0,0,0,0,0,0,0,0,0,0,0,0,0,0,0
very_instinctive,4,0,0,0,0,0,0,0,0,0,0,0,0,0,0,0,0,0,0
very_insulted,1,0,0,0,0,0,0,0,0,0,0,0,0,0,0,0,1,0,0
very_overpopulated,1,0,0,0,0,0,0,0,0,0,0,0,0,0,0,0,0,0,0
very_persnickety,1,0,0,0,0,0,0,0,0,0,0,0,0,0,0,0,0,0,0
very_sick,87,0,0,0,0,0,0,0,1,0,0,0,0,0,0,0,0,0,0
very_small,280,0,0,0,0,0,0,0,1,0,0,0,0,0,0,0,2,0,0
very_sociable,0,0,0,0,0,0,0,0,0,0,0,0,0,0,0,0,2,0,0
very_unknown,3,0,0,0,0,0,0,0,0,0,0,0,0,0,0,0,0,0,0
very_unstable,10,0,0,0,0,0,0,0,0,0,0,0,0,0,0,0,0,0,0
very_versatile,19,0,0,0,0,0,0,0,0,0,0,0,0,0,0,0,0,0,0
violently_depressed,1,0,0,0,0,0,0,0,0,0,0,0,0,0,0,0,0,0,0
virtually_absent,25,0,0,0,0,0,0,0,0,0,0,0,0,0,0,0,0,0,0
visibly_relieved,2,0,0,0,0,0,0,0,0,0,0,0,0,0,0,0,0,0,0
vociferously_anti-american,1,0,0,0,0,0,0,0,0,0,0,0,0,0,0,0,0,0,0
wholly_wrong-headed,1,0,0,0,0,0,0,0,0,0,0,0,0,0,0,0,0,0,0
wildly_unorthodox,1,0,0,0,0,0,0,0,0,0,0,0,0,0,0,0,0,0,0
wonderfully_instructive,1,0,0,0,0,0,0,0,0,0,0,0,0,0,0,0,0,0,0
wonderfully_orchestrated,1,0,0,0,0,0,0,0,0,0,0,0,0,0,0,0,0,0,0
yet_cowardly,1,0,0,0,0,0,0,0,0,0,0,0,0,0,0,0,0,0,0
yet_exercisable,0,0,0,0,0,0,0,0,0,0,0,0,0,0,0,0,1,0,0
