colloc,positive_raw,negative_raw,total_raw,positive_z,negative_z,positive_plus1,negative_plus1,positive_ratio,negative_ratio,positive_skew,negative_skew
'50s_happy,0,1,1,-0.1369,0.0353,1,2,0.0,1.0,0.0,8.6144
overly_forthcoming,0,1,1,-0.1369,0.0353,1,2,0.0,1.0,0.0,8.6144
overly_encouraging,0,1,1,-0.1369,0.0353,1,2,0.0,1.0,0.0,8.6144
overly_enthused,0,1,1,-0.1369,0.0353,1,2,0.0,1.0,0.0,8.6144
often_grammatical,0,1,1,-0.1369,0.0353,1,2,0.0,1.0,0.0,8.6144
overly_excited,0,7,7,-0.1369,0.5533,1,8,0.0,1.0,0.0,8.6144
overly_difficult,0,1,1,-0.1369,0.0353,1,2,0.0,1.0,0.0,8.6144
overly_exciting,0,1,1,-0.1369,0.0353,1,2,0.0,1.0,0.0,8.6144
overly_flattered,0,1,1,-0.1369,0.0353,1,2,0.0,1.0,0.0,8.6144
overly_flattering,0,1,1,-0.1369,0.0353,1,2,0.0,1.0,0.0,8.6144
overly_fortunate,0,1,1,-0.1369,0.0353,1,2,0.0,1.0,0.0,8.6144
overly_ebullient,0,1,1,-0.1369,0.0353,1,2,0.0,1.0,0.0,8.6144
overly_friendly,0,1,1,-0.1369,0.0353,1,2,0.0,1.0,0.0,8.6144
overly_frightened,0,1,1,-0.1369,0.0353,1,2,0.0,1.0,0.0,8.6144
overly_disappointed,0,2,2,-0.1369,0.1217,1,3,0.0,1.0,0.0,8.6144
overly_despondent,0,1,1,-0.1369,0.0353,1,2,0.0,1.0,0.0,8.6144
outwardly_arrogant,0,1,1,-0.1369,0.0353,1,2,0.0,1.0,0.0,8.6144
overly_awed,0,2,2,-0.1369,0.1217,1,3,0.0,1.0,0.0,8.6144
outwardly_demonstrative,0,1,1,-0.1369,0.0353,1,2,0.0,1.0,0.0,8.6144
outwardly_expressive,0,1,1,-0.1369,0.0353,1,2,0.0,1.0,0.0,8.6144
overly_ecstatic,0,1,1,-0.1369,0.0353,1,2,0.0,1.0,0.0,8.6144
overly_disturbed,0,1,1,-0.1369,0.0353,1,2,0.0,1.0,0.0,8.6144
over_grazed,0,1,1,-0.1369,0.0353,1,2,0.0,1.0,0.0,8.6144
ordinarily_closed,0,1,1,-0.1369,0.0353,1,2,0.0,1.0,0.0,8.6144
openly_combative,0,1,1,-0.1369,0.0353,1,2,0.0,1.0,0.0,8.6144
often_susceptible,0,1,1,-0.1369,0.0353,1,2,0.0,1.0,0.0,8.6144
openly_melodramatic,0,1,1,-0.1369,0.0353,1,2,0.0,1.0,0.0,8.6144
operationally_effective,0,1,1,-0.1369,0.0353,1,2,0.0,1.0,0.0,8.6144
oppressively_humid,0,1,1,-0.1369,0.0353,1,2,0.0,1.0,0.0,8.6144
optically_correct,0,1,1,-0.1369,0.0353,1,2,0.0,1.0,0.0,8.6144
originally_freudian,0,1,1,-0.1369,0.0353,1,2,0.0,1.0,0.0,8.6144
optimally_productive,0,1,1,-0.1369,0.0353,1,2,0.0,1.0,0.0,8.6144
ordinarily_cognizable,0,1,1,-0.1369,0.0353,1,2,0.0,1.0,0.0,8.6144
overly_dismayed,0,1,1,-0.1369,0.0353,1,2,0.0,1.0,0.0,8.6144
often_sexy,0,1,1,-0.1369,0.0353,1,2,0.0,1.0,0.0,8.6144
ordinarily_fatal,0,1,1,-0.1369,0.0353,1,2,0.0,1.0,0.0,8.6144
ordinarily_sufficient,0,1,1,-0.1369,0.0353,1,2,0.0,1.0,0.0,8.6144
ordinarily_sympathetic,0,1,1,-0.1369,0.0353,1,2,0.0,1.0,0.0,8.6144
often_linear,0,1,1,-0.1369,0.0353,1,2,0.0,1.0,0.0,8.6144
outwardly_apparent,0,1,1,-0.1369,0.0353,1,2,0.0,1.0,0.0,8.6144
overly_funny,0,1,1,-0.1369,0.0353,1,2,0.0,1.0,0.0,8.6144
overly_eventful,0,1,1,-0.1369,0.0353,1,2,0.0,1.0,0.0,8.6144
outwardly_fiery,0,1,1,-0.1369,0.0353,1,2,0.0,1.0,0.0,8.6144
overly_active,0,1,1,-0.1369,0.0353,1,2,0.0,1.0,0.0,8.6144
particularly_macho,0,1,1,-0.1369,0.0353,1,2,0.0,1.0,0.0,8.6144
particularly_responsive,0,1,1,-0.1369,0.0353,1,2,0.0,1.0,0.0,8.6144
particularly_reactive,0,1,1,-0.1369,0.0353,1,2,0.0,1.0,0.0,8.6144
particularly_real,0,1,1,-0.1369,0.0353,1,2,0.0,1.0,0.0,8.6144
particularly_reassuring,0,1,1,-0.1369,0.0353,1,2,0.0,1.0,0.0,8.6144
particularly_recognizable,0,1,1,-0.1369,0.0353,1,2,0.0,1.0,0.0,8.6144
particularly_reliable,0,1,1,-0.1369,0.0353,1,2,0.0,1.0,0.0,8.6144
particularly_remote,0,1,1,-0.1369,0.0353,1,2,0.0,1.0,0.0,8.6144
particularly_representative,0,1,1,-0.1369,0.0353,1,2,0.0,1.0,0.0,8.6144
now_prevalent,0,1,1,-0.1369,0.0353,1,2,0.0,1.0,0.0,8.6144
particularly_perturbing,0,1,1,-0.1369,0.0353,1,2,0.0,1.0,0.0,8.6144
particularly_prurient,0,1,1,-0.1369,0.0353,1,2,0.0,1.0,0.0,8.6144
particularly_patient,0,1,1,-0.1369,0.0353,1,2,0.0,1.0,0.0,8.6144
particularly_partisan,0,1,1,-0.1369,0.0353,1,2,0.0,1.0,0.0,8.6144
particularly_manifest,0,1,1,-0.1369,0.0353,1,2,0.0,1.0,0.0,8.6144
now_unthinkable,0,1,1,-0.1369,0.0353,1,2,0.0,1.0,0.0,8.6144
particularly_joyous,0,1,1,-0.1369,0.0353,1,2,0.0,1.0,0.0,8.6144
particularly_lavish,0,1,1,-0.1369,0.0353,1,2,0.0,1.0,0.0,8.6144
particularly_life-threatening,0,1,1,-0.1369,0.0353,1,2,0.0,1.0,0.0,8.6144
particularly_light,0,1,1,-0.1369,0.0353,1,2,0.0,1.0,0.0,8.6144
particularly_radical,0,1,1,-0.1369,0.0353,1,2,0.0,1.0,0.0,8.6144
particularly_private,0,1,1,-0.1369,0.0353,1,2,0.0,1.0,0.0,8.6144
overly_afraid,0,1,1,-0.1369,0.0353,1,2,0.0,1.0,0.0,8.6144
overly_concened,0,1,1,-0.1369,0.0353,1,2,0.0,1.0,0.0,8.6144
overly_angry,0,1,1,-0.1369,0.0353,1,2,0.0,1.0,0.0,8.6144
overly_big,0,2,2,-0.1369,0.1217,1,3,0.0,1.0,0.0,8.6144
overly_controversial,0,1,1,-0.1369,0.0353,1,2,0.0,1.0,0.0,8.6144
overly_blatant,0,1,1,-0.1369,0.0353,1,2,0.0,1.0,0.0,8.6144
overly_brutal,0,1,1,-0.1369,0.0353,1,2,0.0,1.0,0.0,8.6144
overly_bubbly,0,1,1,-0.1369,0.0353,1,2,0.0,1.0,0.0,8.6144
overly_bullish,0,4,4,-0.1369,0.2943,1,5,0.0,1.0,0.0,8.6144
overly_chummy,0,1,1,-0.1369,0.0353,1,2,0.0,1.0,0.0,8.6144
overly_conducive,0,1,1,-0.1369,0.0353,1,2,0.0,1.0,0.0,8.6144
particularly_pretty,0,3,3,-0.1369,0.208,1,4,0.0,1.0,0.0,8.6144
officially_responsible,0,2,2,-0.1369,0.1217,1,3,0.0,1.0,0.0,8.6144
officially_possible,0,1,1,-0.1369,0.0353,1,2,0.0,1.0,0.0,8.6144
only_white,0,1,1,-0.1369,0.0353,1,2,0.0,1.0,0.0,8.6144
officially_offensive,0,1,1,-0.1369,0.0353,1,2,0.0,1.0,0.0,8.6144
particularly_picky,0,1,1,-0.1369,0.0353,1,2,0.0,1.0,0.0,8.6144
particularly_pious,0,1,1,-0.1369,0.0353,1,2,0.0,1.0,0.0,8.6144
particularly_practical,0,3,3,-0.1369,0.208,1,4,0.0,1.0,0.0,8.6144
particularly_present,0,1,1,-0.1369,0.0353,1,2,0.0,1.0,0.0,8.6144
onstage_masterly,0,1,1,-0.1369,0.0353,1,2,0.0,1.0,0.0,8.6144
only_wide,0,1,1,-0.1369,0.0353,1,2,0.0,1.0,0.0,8.6144
oppressively_patriarchal,0,1,1,-0.1369,0.0353,1,2,0.0,1.0,0.0,8.6144
overwhelmingly_different,0,1,1,-0.1369,0.0353,1,2,0.0,1.0,0.0,8.6144
overly_talented,0,2,2,-0.1369,0.1217,1,3,0.0,1.0,0.0,8.6144
overly_talkative,0,1,1,-0.1369,0.0353,1,2,0.0,1.0,0.0,8.6144
overwhelmingly_enticing,0,1,1,-0.1369,0.0353,1,2,0.0,1.0,0.0,8.6144
overtly_warlike,0,2,2,-0.1369,0.1217,1,3,0.0,1.0,0.0,8.6144
overtly_wasteful,0,1,1,-0.1369,0.0353,1,2,0.0,1.0,0.0,8.6144
overwhelmingly_a-plus,0,1,1,-0.1369,0.0353,1,2,0.0,1.0,0.0,8.6144
overwhelmingly_attractive,0,1,1,-0.1369,0.0353,1,2,0.0,1.0,0.0,8.6144
overwhelmingly_concrete,0,1,1,-0.1369,0.0353,1,2,0.0,1.0,0.0,8.6144
overwhelmingly_effective,0,1,1,-0.1369,0.0353,1,2,0.0,1.0,0.0,8.6144
overly_pleased,0,3,3,-0.1369,0.208,1,4,0.0,1.0,0.0,8.6144
overwhelmingly_important,0,1,1,-0.1369,0.0353,1,2,0.0,1.0,0.0,8.6144
overtly_sexy,0,1,1,-0.1369,0.0353,1,2,0.0,1.0,0.0,8.6144
overwhelmingly_persuasive,0,1,1,-0.1369,0.0353,1,2,0.0,1.0,0.0,8.6144
overwhelmingly_significant,0,1,1,-0.1369,0.0353,1,2,0.0,1.0,0.0,8.6144
overwhelmingly_strong,0,2,2,-0.1369,0.1217,1,3,0.0,1.0,0.0,8.6144
often_achievable,0,1,1,-0.1369,0.0353,1,2,0.0,1.0,0.0,8.6144
officially_theirs,0,1,1,-0.1369,0.0353,1,2,0.0,1.0,0.0,8.6144
painfully_cruel,0,1,1,-0.1369,0.0353,1,2,0.0,1.0,0.0,8.6144
overly_sweaty,0,1,1,-0.1369,0.0353,1,2,0.0,1.0,0.0,8.6144
overly_pious,0,1,1,-0.1369,0.0353,1,2,0.0,1.0,0.0,8.6144
outright_stupid,0,1,1,-0.1369,0.0353,1,2,0.0,1.0,0.0,8.6144
overly_hopeful,0,2,2,-0.1369,0.1217,1,3,0.0,1.0,0.0,8.6144
overly_surprising,0,1,1,-0.1369,0.0353,1,2,0.0,1.0,0.0,8.6144
overly_pungent,0,1,1,-0.1369,0.0353,1,2,0.0,1.0,0.0,8.6144
overly_productive,0,2,2,-0.1369,0.1217,1,3,0.0,1.0,0.0,8.6144
overly_populated,0,1,1,-0.1369,0.0353,1,2,0.0,1.0,0.0,8.6144
overly_litigious,0,1,1,-0.1369,0.0353,1,2,0.0,1.0,0.0,8.6144
overly_heavy,0,1,1,-0.1369,0.0353,1,2,0.0,1.0,0.0,8.6144
overly_helpful,0,1,1,-0.1369,0.0353,1,2,0.0,1.0,0.0,8.6144
often_fond,0,1,1,-0.1369,0.0353,1,2,0.0,1.0,0.0,8.6144
overly_imaginative,0,4,4,-0.1369,0.2943,1,5,0.0,1.0,0.0,8.6144
overly_particular,0,1,1,-0.1369,0.0353,1,2,0.0,1.0,0.0,8.6144
overly_large,0,1,1,-0.1369,0.0353,1,2,0.0,1.0,0.0,8.6144
overly_lengthy,0,1,1,-0.1369,0.0353,1,2,0.0,1.0,0.0,8.6144
overly_militaristic,0,1,1,-0.1369,0.0353,1,2,0.0,1.0,0.0,8.6144
overly_political,0,2,2,-0.1369,0.1217,1,3,0.0,1.0,0.0,8.6144
overly_nervous,0,1,1,-0.1369,0.0353,1,2,0.0,1.0,0.0,8.6144
overly_oily,0,1,1,-0.1369,0.0353,1,2,0.0,1.0,0.0,8.6144
overly_oppressive,0,1,1,-0.1369,0.0353,1,2,0.0,1.0,0.0,8.6144
overly_partial,0,1,1,-0.1369,0.0353,1,2,0.0,1.0,0.0,8.6144
officially_sovereign,0,1,1,-0.1369,0.0353,1,2,0.0,1.0,0.0,8.6144
overtly_successful,0,1,1,-0.1369,0.0353,1,2,0.0,1.0,0.0,8.6144
overtly_satirical,0,1,1,-0.1369,0.0353,1,2,0.0,1.0,0.0,8.6144
otherwise_able,0,1,1,-0.1369,0.0353,1,2,0.0,1.0,0.0,8.6144
otherwise_apologetic,0,1,1,-0.1369,0.0353,1,2,0.0,1.0,0.0,8.6144
otherwise_disadvantaged,0,1,1,-0.1369,0.0353,1,2,0.0,1.0,0.0,8.6144
often_polished,0,1,1,-0.1369,0.0353,1,2,0.0,1.0,0.0,8.6144
otherwise_exempt,0,1,1,-0.1369,0.0353,1,2,0.0,1.0,0.0,8.6144
otherwise_material,0,1,1,-0.1369,0.0353,1,2,0.0,1.0,0.0,8.6144
otherwise_open,0,1,1,-0.1369,0.0353,1,2,0.0,1.0,0.0,8.6144
otherwise_responsible,0,1,1,-0.1369,0.0353,1,2,0.0,1.0,0.0,8.6144
out_east,0,1,1,-0.1369,0.0353,1,2,0.0,1.0,0.0,8.6144
out_much,0,1,1,-0.1369,0.0353,1,2,0.0,1.0,0.0,8.6144
overly_taxing,0,1,1,-0.1369,0.0353,1,2,0.0,1.0,0.0,8.6144
outrageously_bad,0,1,1,-0.1369,0.0353,1,2,0.0,1.0,0.0,8.6144
often_memorable,0,1,1,-0.1369,0.0353,1,2,0.0,1.0,0.0,8.6144
outrageously_inefficient,0,1,1,-0.1369,0.0353,1,2,0.0,1.0,0.0,8.6144
outrageously_narcissistic,0,1,1,-0.1369,0.0353,1,2,0.0,1.0,0.0,8.6144
outrageously_wrong,0,1,1,-0.1369,0.0353,1,2,0.0,1.0,0.0,8.6144
outright_boring,0,1,1,-0.1369,0.0353,1,2,0.0,1.0,0.0,8.6144
otherwise_accessible,0,1,1,-0.1369,0.0353,1,2,0.0,1.0,0.0,8.6144
originally_mine,0,1,1,-0.1369,0.0353,1,2,0.0,1.0,0.0,8.6144
out-of-my-mind_drunk,0,1,1,-0.1369,0.0353,1,2,0.0,1.0,0.0,8.6144
overly_grained,0,1,1,-0.1369,0.0353,1,2,0.0,1.0,0.0,8.6144
overly_graphic,0,1,1,-0.1369,0.0353,1,2,0.0,1.0,0.0,8.6144
overly_happy,0,1,1,-0.1369,0.0353,1,2,0.0,1.0,0.0,8.6144
overtly_bellicose,0,1,1,-0.1369,0.0353,1,2,0.0,1.0,0.0,8.6144
overly_thankful,0,1,1,-0.1369,0.0353,1,2,0.0,1.0,0.0,8.6144
overly_theatrical,0,1,1,-0.1369,0.0353,1,2,0.0,1.0,0.0,8.6144
overly_trendy,0,1,1,-0.1369,0.0353,1,2,0.0,1.0,0.0,8.6144
overly_wordy,0,1,1,-0.1369,0.0353,1,2,0.0,1.0,0.0,8.6144
overtly_aggressive,0,1,1,-0.1369,0.0353,1,2,0.0,1.0,0.0,8.6144
overtly_ambitious,0,1,1,-0.1369,0.0353,1,2,0.0,1.0,0.0,8.6144
overtly_bad,0,1,1,-0.1369,0.0353,1,2,0.0,1.0,0.0,8.6144
overtly_commercial,0,1,1,-0.1369,0.0353,1,2,0.0,1.0,0.0,8.6144
overtly_religious,0,2,2,-0.1369,0.1217,1,3,0.0,1.0,0.0,8.6144
overtly_hawkish,0,1,1,-0.1369,0.0353,1,2,0.0,1.0,0.0,8.6144
overtly_ideological,0,1,1,-0.1369,0.0353,1,2,0.0,1.0,0.0,8.6144
overtly_illegal,0,1,1,-0.1369,0.0353,1,2,0.0,1.0,0.0,8.6144
overtly_imitative,0,1,1,-0.1369,0.0353,1,2,0.0,1.0,0.0,8.6144
overtly_offensive,0,2,2,-0.1369,0.1217,1,3,0.0,1.0,0.0,8.6144
overtly_preachy,0,1,1,-0.1369,0.0353,1,2,0.0,1.0,0.0,8.6144
overtly_racist,0,2,2,-0.1369,0.1217,1,3,0.0,1.0,0.0,8.6144
particularly_loaded,0,1,1,-0.1369,0.0353,1,2,0.0,1.0,0.0,8.6144
particularly_mild-mannered,0,1,1,-0.1369,0.0353,1,2,0.0,1.0,0.0,8.6144
overly_successful,0,1,1,-0.1369,0.0353,1,2,0.0,1.0,0.0,8.6144
particularly_evil,0,1,1,-0.1369,0.0353,1,2,0.0,1.0,0.0,8.6144
particularly_earnings-enhansive,0,1,1,-0.1369,0.0353,1,2,0.0,1.0,0.0,8.6144
particularly_experienced,0,1,1,-0.1369,0.0353,1,2,0.0,1.0,0.0,8.6144
obviously_federal,0,1,1,-0.1369,0.0353,1,2,0.0,1.0,0.0,8.6144
particularly_empty,0,1,1,-0.1369,0.0353,1,2,0.0,1.0,0.0,8.6144
obviously_exploitative,0,1,1,-0.1369,0.0353,1,2,0.0,1.0,0.0,8.6144
particularly_entertaining,0,2,2,-0.1369,0.1217,1,3,0.0,1.0,0.0,8.6144
particularly_erotic,0,1,1,-0.1369,0.0353,1,2,0.0,1.0,0.0,8.6144
particularly_euphoric,0,1,1,-0.1369,0.0353,1,2,0.0,1.0,0.0,8.6144
particularly_extravagant,0,1,1,-0.1369,0.0353,1,2,0.0,1.0,0.0,8.6144
particularly_forthcoming,0,3,3,-0.1369,0.208,1,4,0.0,1.0,0.0,8.6144
particularly_flamboyant,0,2,2,-0.1369,0.1217,1,3,0.0,1.0,0.0,8.6144
particularly_eye-catching,0,1,1,-0.1369,0.0353,1,2,0.0,1.0,0.0,8.6144
particularly_faithful,0,1,1,-0.1369,0.0353,1,2,0.0,1.0,0.0,8.6144
particularly_fast,0,5,5,-0.1369,0.3807,1,6,0.0,1.0,0.0,8.6144
particularly_fat,0,1,1,-0.1369,0.0353,1,2,0.0,1.0,0.0,8.6144
particularly_feminine,0,2,2,-0.1369,0.1217,1,3,0.0,1.0,0.0,8.6144
particularly_finicky,0,1,1,-0.1369,0.0353,1,2,0.0,1.0,0.0,8.6144
particularly_firm,0,1,1,-0.1369,0.0353,1,2,0.0,1.0,0.0,8.6144
particularly_flattering,0,1,1,-0.1369,0.0353,1,2,0.0,1.0,0.0,8.6144
particularly_inclined,0,1,1,-0.1369,0.0353,1,2,0.0,1.0,0.0,8.6144
only_well-prepared,0,2,2,-0.1369,0.1217,1,3,0.0,1.0,0.0,8.6144
particularly_gracious,0,1,1,-0.1369,0.0353,1,2,0.0,1.0,0.0,8.6144
particularly_dreamy,0,1,1,-0.1369,0.0353,1,2,0.0,1.0,0.0,8.6144
particularly_earnings-enhancing,0,1,1,-0.1369,0.0353,1,2,0.0,1.0,0.0,8.6144
particularly_indispensable,0,1,1,-0.1369,0.0353,1,2,0.0,1.0,0.0,8.6144
objectively_low,0,1,1,-0.1369,0.0353,1,2,0.0,1.0,0.0,8.6144
particularly_fresh,0,1,1,-0.1369,0.0353,1,2,0.0,1.0,0.0,8.6144
particularly_friendly,0,2,2,-0.1369,0.1217,1,3,0.0,1.0,0.0,8.6144
obviously_apparent,0,1,1,-0.1369,0.0353,1,2,0.0,1.0,0.0,8.6144
particularly_graceful,0,2,2,-0.1369,0.1217,1,3,0.0,1.0,0.0,8.6144
particularly_green,0,1,1,-0.1369,0.0353,1,2,0.0,1.0,0.0,8.6144
particularly_imaginative,0,2,2,-0.1369,0.1217,1,3,0.0,1.0,0.0,8.6144
objectively_necessary,0,1,1,-0.1369,0.0353,1,2,0.0,1.0,0.0,8.6144
particularly_heroic,0,2,2,-0.1369,0.1217,1,3,0.0,1.0,0.0,8.6144
particularly_flexible,0,1,1,-0.1369,0.0353,1,2,0.0,1.0,0.0,8.6144
objectively_evil,0,1,1,-0.1369,0.0353,1,2,0.0,1.0,0.0,8.6144
obese_overall,0,1,1,-0.1369,0.0353,1,2,0.0,1.0,0.0,8.6144
particularly_huge,0,1,1,-0.1369,0.0353,1,2,0.0,1.0,0.0,8.6144
nutritionally_equal,0,1,1,-0.1369,0.0353,1,2,0.0,1.0,0.0,8.6144
particularly_idiomatic,0,1,1,-0.1369,0.0353,1,2,0.0,1.0,0.0,8.6144
only_wicked,0,1,1,-0.1369,0.0353,1,2,0.0,1.0,0.0,8.6144
particularly_well-written,0,2,2,-0.1369,0.1217,1,3,0.0,1.0,0.0,8.6144
particularly_outgoing,0,1,1,-0.1369,0.0353,1,2,0.0,1.0,0.0,8.6144
only_imcompetent,0,1,1,-0.1369,0.0353,1,2,0.0,1.0,0.0,8.6144
only_ideological,0,1,1,-0.1369,0.0353,1,2,0.0,1.0,0.0,8.6144
only_ill,0,1,1,-0.1369,0.0353,1,2,0.0,1.0,0.0,8.6144
only_clever,0,1,1,-0.1369,0.0353,1,2,0.0,1.0,0.0,8.6144
only_classic,0,1,1,-0.1369,0.0353,1,2,0.0,1.0,0.0,8.6144
only_illicit,0,1,1,-0.1369,0.0353,1,2,0.0,1.0,0.0,8.6144
only_charming,0,2,2,-0.1369,0.1217,1,3,0.0,1.0,0.0,8.6144
only_central,0,1,1,-0.1369,0.0353,1,2,0.0,1.0,0.0,8.6144
only_briar-scratched,0,1,1,-0.1369,0.0353,1,2,0.0,1.0,0.0,8.6144
only_car-like,0,1,1,-0.1369,0.0353,1,2,0.0,1.0,0.0,8.6144
only_charismatic,0,1,1,-0.1369,0.0353,1,2,0.0,1.0,0.0,8.6144
only_imperative,0,1,1,-0.1369,0.0353,1,2,0.0,1.0,0.0,8.6144
only_calming,0,1,1,-0.1369,0.0353,1,2,0.0,1.0,0.0,8.6144
only_bull-headed,0,1,1,-0.1369,0.0353,1,2,0.0,1.0,0.0,8.6144
only_brown,0,1,1,-0.1369,0.0353,1,2,0.0,1.0,0.0,8.6144
only_brief,0,1,1,-0.1369,0.0353,1,2,0.0,1.0,0.0,8.6144
only_appealing,0,1,1,-0.1369,0.0353,1,2,0.0,1.0,0.0,8.6144
only_inexpensive,0,1,1,-0.1369,0.0353,1,2,0.0,1.0,0.0,8.6144
only_anxious,0,1,1,-0.1369,0.0353,1,2,0.0,1.0,0.0,8.6144
only_coercive,0,1,1,-0.1369,0.0353,1,2,0.0,1.0,0.0,8.6144
only_impractical,0,4,4,-0.1369,0.2943,1,5,0.0,1.0,0.0,8.6144
only_melancholy,0,1,1,-0.1369,0.0353,1,2,0.0,1.0,0.0,8.6144
only_inconsistent,0,1,1,-0.1369,0.0353,1,2,0.0,1.0,0.0,8.6144
only_inaccurate,0,1,1,-0.1369,0.0353,1,2,0.0,1.0,0.0,8.6144
only_inappropriate,0,5,5,-0.1369,0.3807,1,6,0.0,1.0,0.0,8.6144
only_incapable,0,2,2,-0.1369,0.1217,1,3,0.0,1.0,0.0,8.6144
only_bizarre,0,1,1,-0.1369,0.0353,1,2,0.0,1.0,0.0,8.6144
only_benign,0,1,1,-0.1369,0.0353,1,2,0.0,1.0,0.0,8.6144
only_incompatible,0,1,1,-0.1369,0.0353,1,2,0.0,1.0,0.0,8.6144
only_believable,0,1,1,-0.1369,0.0353,1,2,0.0,1.0,0.0,8.6144
only_belated,0,1,1,-0.1369,0.0353,1,2,0.0,1.0,0.0,8.6144
only_baffling,0,1,1,-0.1369,0.0353,1,2,0.0,1.0,0.0,8.6144
only_brain-damaged,0,1,1,-0.1369,0.0353,1,2,0.0,1.0,0.0,8.6144
only_independent,0,2,2,-0.1369,0.1217,1,3,0.0,1.0,0.0,8.6144
only_indian,0,1,1,-0.1369,0.0353,1,2,0.0,1.0,0.0,8.6144
only_authoritative,0,1,1,-0.1369,0.0353,1,2,0.0,1.0,0.0,8.6144
only_attractive,0,5,5,-0.1369,0.3807,1,6,0.0,1.0,0.0,8.6144
only_athletic,0,1,1,-0.1369,0.0353,1,2,0.0,1.0,0.0,8.6144
only_astonishing,0,1,1,-0.1369,0.0353,1,2,0.0,1.0,0.0,8.6144
only_indicative,0,1,1,-0.1369,0.0353,1,2,0.0,1.0,0.0,8.6144
only_bogus,0,1,1,-0.1369,0.0353,1,2,0.0,1.0,0.0,8.6144
particularly_beholden,0,1,1,-0.1369,0.0353,1,2,0.0,1.0,0.0,8.6144
particularly_balmy,0,1,1,-0.1369,0.0353,1,2,0.0,1.0,0.0,8.6144
particularly_autobiographical,0,1,1,-0.1369,0.0353,1,2,0.0,1.0,0.0,8.6144
particularly_sociable,0,1,1,-0.1369,0.0353,1,2,0.0,1.0,0.0,8.6144
particularly_wealthy,0,1,1,-0.1369,0.0353,1,2,0.0,1.0,0.0,8.6144
particularly_welcoming,0,1,1,-0.1369,0.0353,1,2,0.0,1.0,0.0,8.6144
particularly_well-known,0,1,1,-0.1369,0.0353,1,2,0.0,1.0,0.0,8.6144
particularly_well-read,0,1,1,-0.1369,0.0353,1,2,0.0,1.0,0.0,8.6144
particularly_well-received,0,2,2,-0.1369,0.1217,1,3,0.0,1.0,0.0,8.6144
particularly_sure,0,2,2,-0.1369,0.1217,1,3,0.0,1.0,0.0,8.6144
particularly_suave,0,1,1,-0.1369,0.0353,1,2,0.0,1.0,0.0,8.6144
particularly_savvy,0,1,1,-0.1369,0.0353,1,2,0.0,1.0,0.0,8.6144
particularly_scientific,0,1,1,-0.1369,0.0353,1,2,0.0,1.0,0.0,8.6144
particularly_verbal,0,1,1,-0.1369,0.0353,1,2,0.0,1.0,0.0,8.6144
particularly_self-helped,0,1,1,-0.1369,0.0353,1,2,0.0,1.0,0.0,8.6144
particularly_sentimental,0,2,2,-0.1369,0.1217,1,3,0.0,1.0,0.0,8.6144
particularly_short,0,1,1,-0.1369,0.0353,1,2,0.0,1.0,0.0,8.6144
particularly_shrewd,0,1,1,-0.1369,0.0353,1,2,0.0,1.0,0.0,8.6144
particularly_slim,0,1,1,-0.1369,0.0353,1,2,0.0,1.0,0.0,8.6144
particularly_smooth,0,2,2,-0.1369,0.1217,1,3,0.0,1.0,0.0,8.6144
particularly_social,0,1,1,-0.1369,0.0353,1,2,0.0,1.0,0.0,8.6144
particularly_stellar,0,1,1,-0.1369,0.0353,1,2,0.0,1.0,0.0,8.6144
particularly_virulent,0,1,1,-0.1369,0.0353,1,2,0.0,1.0,0.0,8.6144
particularly_subtle,0,2,2,-0.1369,0.1217,1,3,0.0,1.0,0.0,8.6144
particularly_athletic,0,1,1,-0.1369,0.0353,1,2,0.0,1.0,0.0,8.6144
particularly_revolutionary,0,2,2,-0.1369,0.1217,1,3,0.0,1.0,0.0,8.6144
particularly_motivated,0,1,1,-0.1369,0.0353,1,2,0.0,1.0,0.0,8.6144
particularly_mysterious,0,1,1,-0.1369,0.0353,1,2,0.0,1.0,0.0,8.6144
particularly_natural,0,1,1,-0.1369,0.0353,1,2,0.0,1.0,0.0,8.6144
particularly_neurotic,0,1,1,-0.1369,0.0353,1,2,0.0,1.0,0.0,8.6144
particularly_objectionable,0,1,1,-0.1369,0.0353,1,2,0.0,1.0,0.0,8.6144
particularly_observant,0,1,1,-0.1369,0.0353,1,2,0.0,1.0,0.0,8.6144
particularly_opportune,0,1,1,-0.1369,0.0353,1,2,0.0,1.0,0.0,8.6144
particularly_retro,0,1,1,-0.1369,0.0353,1,2,0.0,1.0,0.0,8.6144
particularly_right-of-center,0,1,1,-0.1369,0.0353,1,2,0.0,1.0,0.0,8.6144
particularly_venturesome,0,1,1,-0.1369,0.0353,1,2,0.0,1.0,0.0,8.6144
particularly_unworldly,0,1,1,-0.1369,0.0353,1,2,0.0,1.0,0.0,8.6144
particularly_tactful,0,1,1,-0.1369,0.0353,1,2,0.0,1.0,0.0,8.6144
particularly_tall,0,2,2,-0.1369,0.1217,1,3,0.0,1.0,0.0,8.6144
particularly_terrible,0,1,1,-0.1369,0.0353,1,2,0.0,1.0,0.0,8.6144
now_leveraged,0,1,1,-0.1369,0.0353,1,2,0.0,1.0,0.0,8.6144
particularly_tolerant,0,1,1,-0.1369,0.0353,1,2,0.0,1.0,0.0,8.6144
particularly_tremendous,0,1,1,-0.1369,0.0353,1,2,0.0,1.0,0.0,8.6144
particularly_tuneful,0,1,1,-0.1369,0.0353,1,2,0.0,1.0,0.0,8.6144
particularly_solid,0,1,1,-0.1369,0.0353,1,2,0.0,1.0,0.0,8.6144
particularly_spacious,0,1,1,-0.1369,0.0353,1,2,0.0,1.0,0.0,8.6144
particularly_spoiled,0,1,1,-0.1369,0.0353,1,2,0.0,1.0,0.0,8.6144
officially_celebrated,0,1,1,-0.1369,0.0353,1,2,0.0,1.0,0.0,8.6144
particularly_doctrinaire,0,1,1,-0.1369,0.0353,1,2,0.0,1.0,0.0,8.6144
particularly_downcast,0,1,1,-0.1369,0.0353,1,2,0.0,1.0,0.0,8.6144
particularly_choosy,0,1,1,-0.1369,0.0353,1,2,0.0,1.0,0.0,8.6144
particularly_brazilian,0,1,1,-0.1369,0.0353,1,2,0.0,1.0,0.0,8.6144
particularly_dynamic,0,2,2,-0.1369,0.1217,1,3,0.0,1.0,0.0,8.6144
particularly_adventurous,0,1,1,-0.1369,0.0353,1,2,0.0,1.0,0.0,8.6144
officially_married,0,1,1,-0.1369,0.0353,1,2,0.0,1.0,0.0,8.6144
officially_celtics,0,1,1,-0.1369,0.0353,1,2,0.0,1.0,0.0,8.6144
offensively_capable,0,1,1,-0.1369,0.0353,1,2,0.0,1.0,0.0,8.6144
particularly_spooky,0,1,1,-0.1369,0.0353,1,2,0.0,1.0,0.0,8.6144
painfully_visible,0,1,1,-0.1369,0.0353,1,2,0.0,1.0,0.0,8.6144
partially_state-owned,0,1,1,-0.1369,0.0353,1,2,0.0,1.0,0.0,8.6144
particularly_abstract,0,1,1,-0.1369,0.0353,1,2,0.0,1.0,0.0,8.6144
particularly_amenable,0,1,1,-0.1369,0.0353,1,2,0.0,1.0,0.0,8.6144
particularly_believable,0,2,2,-0.1369,0.1217,1,3,0.0,1.0,0.0,8.6144
occasionally_invisible,0,1,1,-0.1369,0.0353,1,2,0.0,1.0,0.0,8.6144
particularly_aristocratic,0,1,1,-0.1369,0.0353,1,2,0.0,1.0,0.0,8.6144
particularly_astonished,0,1,1,-0.1369,0.0353,1,2,0.0,1.0,0.0,8.6144
obviously_identifiable,0,1,1,-0.1369,0.0353,1,2,0.0,1.0,0.0,8.6144
particularly_distinguished,0,2,2,-0.1369,0.1217,1,3,0.0,1.0,0.0,8.6144
particularly_disadvantaged,0,1,1,-0.1369,0.0353,1,2,0.0,1.0,0.0,8.6144
particularly_devout,0,1,1,-0.1369,0.0353,1,2,0.0,1.0,0.0,8.6144
particularly_springlike,0,1,1,-0.1369,0.0353,1,2,0.0,1.0,0.0,8.6144
particularly_squeamish,0,1,1,-0.1369,0.0353,1,2,0.0,1.0,0.0,8.6144
particularly_startled,0,1,1,-0.1369,0.0353,1,2,0.0,1.0,0.0,8.6144
particularly_introspective,0,1,1,-0.1369,0.0353,1,2,0.0,1.0,0.0,8.6144
particularly_intellectual,0,1,1,-0.1369,0.0353,1,2,0.0,1.0,0.0,8.6144
particularly_inspirational,0,1,1,-0.1369,0.0353,1,2,0.0,1.0,0.0,8.6144
obviously_rich,0,1,1,-0.1369,0.0353,1,2,0.0,1.0,0.0,8.6144
particularly_civilized,0,2,2,-0.1369,0.1217,1,3,0.0,1.0,0.0,8.6144
particularly_coherent,0,1,1,-0.1369,0.0353,1,2,0.0,1.0,0.0,8.6144
particularly_comforting,0,2,2,-0.1369,0.1217,1,3,0.0,1.0,0.0,8.6144
particularly_commanding,0,1,1,-0.1369,0.0353,1,2,0.0,1.0,0.0,8.6144
particularly_commercial,0,1,1,-0.1369,0.0353,1,2,0.0,1.0,0.0,8.6144
particularly_competent,0,1,1,-0.1369,0.0353,1,2,0.0,1.0,0.0,8.6144
particularly_controversy-prone,0,1,1,-0.1369,0.0353,1,2,0.0,1.0,0.0,8.6144
particularly_cutting-edge,0,1,1,-0.1369,0.0353,1,2,0.0,1.0,0.0,8.6144
particularly_chic,0,1,1,-0.1369,0.0353,1,2,0.0,1.0,0.0,8.6144
particularly_deft,0,1,1,-0.1369,0.0353,1,2,0.0,1.0,0.0,8.6144
overly_surprised,0,1,1,-0.1369,0.0353,1,2,0.0,1.0,0.0,8.6144
overly_strident,0,1,1,-0.1369,0.0353,1,2,0.0,1.0,0.0,8.6144
personally_motivated,0,2,2,-0.1369,0.1217,1,3,0.0,1.0,0.0,8.6144
hopelessly_wooden,0,1,1,-0.1369,0.0353,1,2,0.0,1.0,0.0,8.6144
remarkably_dissimilar,0,1,1,-0.1369,0.0353,1,2,0.0,1.0,0.0,8.6144
historically_relevant,0,1,1,-0.1369,0.0353,1,2,0.0,1.0,0.0,8.6144
remotely_happy,0,1,1,-0.1369,0.0353,1,2,0.0,1.0,0.0,8.6144
hopelessly_complex,0,1,1,-0.1369,0.0353,1,2,0.0,1.0,0.0,8.6144
however_benign,0,1,1,-0.1369,0.0353,1,2,0.0,1.0,0.0,8.6144
hotly_pursued,0,1,1,-0.1369,0.0353,1,2,0.0,1.0,0.0,8.6144
horribly_effective,0,1,1,-0.1369,0.0353,1,2,0.0,1.0,0.0,8.6144
horrendously_expensive,0,1,1,-0.1369,0.0353,1,2,0.0,1.0,0.0,8.6144
relatively_unchallenging,0,1,1,-0.1369,0.0353,1,2,0.0,1.0,0.0,8.6144
remotely_funny,0,1,1,-0.1369,0.0353,1,2,0.0,1.0,0.0,8.6144
hopelessly_long,0,1,1,-0.1369,0.0353,1,2,0.0,1.0,0.0,8.6144
hopelessly_abstruse,0,1,1,-0.1369,0.0353,1,2,0.0,1.0,0.0,8.6144
reliably_lucrative,0,1,1,-0.1369,0.0353,1,2,0.0,1.0,0.0,8.6144
honestly_touching,0,1,1,-0.1369,0.0353,1,2,0.0,1.0,0.0,8.6144
honestly_raw,0,1,1,-0.1369,0.0353,1,2,0.0,1.0,0.0,8.6144
homogeneously_european,0,1,1,-0.1369,0.0353,1,2,0.0,1.0,0.0,8.6144
home_run-friendly,0,1,1,-0.1369,0.0353,1,2,0.0,1.0,0.0,8.6144
home_much,0,4,4,-0.1369,0.2943,1,5,0.0,1.0,0.0,8.6144
remotely_germanic,0,1,1,-0.1369,0.0353,1,2,0.0,1.0,0.0,8.6144
remotely_extreme,0,1,1,-0.1369,0.0353,1,2,0.0,1.0,0.0,8.6144
historically_theirs,0,1,1,-0.1369,0.0353,1,2,0.0,1.0,0.0,8.6144
remarkably_sexy,0,1,1,-0.1369,0.0353,1,2,0.0,1.0,0.0,8.6144
similarly_disgraced,0,1,1,-0.1369,0.0353,1,2,0.0,1.0,0.0,8.6144
generally_privy,0,1,1,-0.1369,0.0353,1,2,0.0,1.0,0.0,8.6144
sadly_dramatic,0,1,1,-0.1369,0.0353,1,2,0.0,1.0,0.0,8.6144
handicap_accessible,0,1,1,-0.1369,0.0353,1,2,0.0,1.0,0.0,8.6144
hardcore_poor,0,1,1,-0.1369,0.0353,1,2,0.0,1.0,0.0,8.6144
remotely_commensurate,0,1,1,-0.1369,0.0353,1,2,0.0,1.0,0.0,8.6144
remarkably_dumb,0,1,1,-0.1369,0.0353,1,2,0.0,1.0,0.0,8.6144
highly_transmissible,0,1,1,-0.1369,0.0353,1,2,0.0,1.0,0.0,8.6144
highly_plausible,0,1,1,-0.1369,0.0353,1,2,0.0,1.0,0.0,8.6144
remotely_enough,0,1,1,-0.1369,0.0353,1,2,0.0,1.0,0.0,8.6144
remotely_able,0,1,1,-0.1369,0.0353,1,2,0.0,1.0,0.0,8.6144
remotely_acceptable,0,1,1,-0.1369,0.0353,1,2,0.0,1.0,0.0,8.6144
remotely_big,0,1,1,-0.1369,0.0353,1,2,0.0,1.0,0.0,8.6144
remotely_consistent,0,1,1,-0.1369,0.0353,1,2,0.0,1.0,0.0,8.6144
historically_indigenous,0,1,1,-0.1369,0.0353,1,2,0.0,1.0,0.0,8.6144
remotely_croatian,0,1,1,-0.1369,0.0353,1,2,0.0,1.0,0.0,8.6144
remotely_curious,0,1,1,-0.1369,0.0353,1,2,0.0,1.0,0.0,8.6144
remotely_desirable,0,1,1,-0.1369,0.0353,1,2,0.0,1.0,0.0,8.6144
relentlessly_vacuous,0,1,1,-0.1369,0.0353,1,2,0.0,1.0,0.0,8.6144
remotely_guilty,0,1,1,-0.1369,0.0353,1,2,0.0,1.0,0.0,8.6144
fully_theirs,0,1,1,-0.1369,0.0353,1,2,0.0,1.0,0.0,8.6144
remotely_worried,0,1,1,-0.1369,0.0353,1,2,0.0,1.0,0.0,8.6144
remotely_objective,0,2,2,-0.1369,0.1217,1,3,0.0,1.0,0.0,8.6144
remotely_offensive,0,1,1,-0.1369,0.0353,1,2,0.0,1.0,0.0,8.6144
remotely_organic,0,1,1,-0.1369,0.0353,1,2,0.0,1.0,0.0,8.6144
remotely_perfect,0,1,1,-0.1369,0.0353,1,2,0.0,1.0,0.0,8.6144
highly_intimate,0,1,1,-0.1369,0.0353,1,2,0.0,1.0,0.0,8.6144
remotely_practical,0,1,1,-0.1369,0.0353,1,2,0.0,1.0,0.0,8.6144
remotely_printable,0,1,1,-0.1369,0.0353,1,2,0.0,1.0,0.0,8.6144
remotely_proud,0,1,1,-0.1369,0.0353,1,2,0.0,1.0,0.0,8.6144
remotely_quiet,0,1,1,-0.1369,0.0353,1,2,0.0,1.0,0.0,8.6144
highly_inventive,0,1,1,-0.1369,0.0353,1,2,0.0,1.0,0.0,8.6144
remotely_salacious,0,1,1,-0.1369,0.0353,1,2,0.0,1.0,0.0,8.6144
remotely_shy,0,1,1,-0.1369,0.0353,1,2,0.0,1.0,0.0,8.6144
remotely_stagey,0,1,1,-0.1369,0.0353,1,2,0.0,1.0,0.0,8.6144
remotely_sure,0,1,1,-0.1369,0.0353,1,2,0.0,1.0,0.0,8.6144
remotely_surprised,0,1,1,-0.1369,0.0353,1,2,0.0,1.0,0.0,8.6144
remotely_unusual,0,1,1,-0.1369,0.0353,1,2,0.0,1.0,0.0,8.6144
fully_working,0,1,1,-0.1369,0.0353,1,2,0.0,1.0,0.0,8.6144
fully_truthful,0,1,1,-0.1369,0.0353,1,2,0.0,1.0,0.0,8.6144
remotely_proportionate,0,2,2,-0.1369,0.1217,1,3,0.0,1.0,0.0,8.6144
highly_flavorful,0,1,1,-0.1369,0.0353,1,2,0.0,1.0,0.0,8.6144
remotely_hyperbolic,0,1,1,-0.1369,0.0353,1,2,0.0,1.0,0.0,8.6144
right_upfront,0,1,1,-0.1369,0.0353,1,2,0.0,1.0,0.0,8.6144
harley-davidson_tough,0,1,1,-0.1369,0.0353,1,2,0.0,1.0,0.0,8.6144
rigidly_partisan,0,1,1,-0.1369,0.0353,1,2,0.0,1.0,0.0,8.6144
rhetorically_rich,0,1,1,-0.1369,0.0353,1,2,0.0,1.0,0.0,8.6144
highly_authentic,0,1,1,-0.1369,0.0353,1,2,0.0,1.0,0.0,8.6144
richly_meaty,0,1,1,-0.1369,0.0353,1,2,0.0,1.0,0.0,8.6144
ridiculously_macho,0,1,1,-0.1369,0.0353,1,2,0.0,1.0,0.0,8.6144
here_sweating,0,1,1,-0.1369,0.0353,1,2,0.0,1.0,0.0,8.6144
here_much,0,1,1,-0.1369,0.0353,1,2,0.0,1.0,0.0,8.6144
rinsing_atlanta-plus,0,1,1,-0.1369,0.0353,1,2,0.0,1.0,0.0,8.6144
highly_convincing,0,1,1,-0.1369,0.0353,1,2,0.0,1.0,0.0,8.6144
resolutely_male,0,2,2,-0.1369,0.1217,1,3,0.0,1.0,0.0,8.6144
heavily_european,0,1,1,-0.1369,0.0353,1,2,0.0,1.0,0.0,8.6144
rock-star_rich,0,1,1,-0.1369,0.0353,1,2,0.0,1.0,0.0,8.6144
rollickingly_funny,0,2,2,-0.1369,0.1217,1,3,0.0,1.0,0.0,8.6144
romantically_empty,0,1,1,-0.1369,0.0353,1,2,0.0,1.0,0.0,8.6144
romantically_inclined,0,1,1,-0.1369,0.0353,1,2,0.0,1.0,0.0,8.6144
haute_hispanic,0,1,1,-0.1369,0.0353,1,2,0.0,1.0,0.0,8.6144
roundly_denigrated,0,1,1,-0.1369,0.0353,1,2,0.0,1.0,0.0,8.6144
similarly_americanized,0,1,1,-0.1369,0.0353,1,2,0.0,1.0,0.0,8.6144
generally_subtle,0,1,1,-0.1369,0.0353,1,2,0.0,1.0,0.0,8.6144
significantly_profitable,0,1,1,-0.1369,0.0353,1,2,0.0,1.0,0.0,8.6144
gratuitously_nostalgic,0,1,1,-0.1369,0.0353,1,2,0.0,1.0,0.0,8.6144
geographically_widespread,0,1,1,-0.1369,0.0353,1,2,0.0,1.0,0.0,8.6144
seven-foot_tall,0,1,1,-0.1369,0.0353,1,2,0.0,1.0,0.0,8.6144
genuinely_serious,0,1,1,-0.1369,0.0353,1,2,0.0,1.0,0.0,8.6144
severely_sore,0,1,1,-0.1369,0.0353,1,2,0.0,1.0,0.0,8.6144
genuinely_mysterious,0,1,1,-0.1369,0.0353,1,2,0.0,1.0,0.0,8.6144
genuinely_low,0,1,1,-0.1369,0.0353,1,2,0.0,1.0,0.0,8.6144
genuinely_impartial,0,1,1,-0.1369,0.0353,1,2,0.0,1.0,0.0,8.6144
graphically_chilling,0,1,1,-0.1369,0.0353,1,2,0.0,1.0,0.0,8.6144
great_fantastic,0,1,1,-0.1369,0.0353,1,2,0.0,1.0,0.0,8.6144
seriously_over-represented,0,1,1,-0.1369,0.0353,1,2,0.0,1.0,0.0,8.6144
grossly_overworked,0,1,1,-0.1369,0.0353,1,2,0.0,1.0,0.0,8.6144
half_untucked,0,1,1,-0.1369,0.0353,1,2,0.0,1.0,0.0,8.6144
satisfactorily_motivated,0,1,1,-0.1369,0.0353,1,2,0.0,1.0,0.0,8.6144
habitually_whip-happy,0,1,1,-0.1369,0.0353,1,2,0.0,1.0,0.0,8.6144
grotesquely_disfigured,0,1,1,-0.1369,0.0353,1,2,0.0,1.0,0.0,8.6144
scientifically_certain,0,1,1,-0.1369,0.0353,1,2,0.0,1.0,0.0,8.6144
scientifically_justifiable,0,2,2,-0.1369,0.1217,1,3,0.0,1.0,0.0,8.6144
scientifically_justified,0,1,1,-0.1369,0.0353,1,2,0.0,1.0,0.0,8.6144
seriously_significant,0,1,1,-0.1369,0.0353,1,2,0.0,1.0,0.0,8.6144
glaringly_contradictory,0,1,1,-0.1369,0.0353,1,2,0.0,1.0,0.0,8.6144
significantly_premature,0,1,1,-0.1369,0.0353,1,2,0.0,1.0,0.0,8.6144
so_enterprising,0,1,1,-0.1369,0.0353,1,2,0.0,1.0,0.0,8.6144
exactly_sincere,0,1,1,-0.1369,0.0353,1,2,0.0,1.0,0.0,8.6144
exactly_spacious,0,1,1,-0.1369,0.0353,1,2,0.0,1.0,0.0,8.6144
exactly_soft,0,1,1,-0.1369,0.0353,1,2,0.0,1.0,0.0,8.6144
exactly_socko-boffo,0,1,1,-0.1369,0.0353,1,2,0.0,1.0,0.0,8.6144
exactly_smitten,0,1,1,-0.1369,0.0353,1,2,0.0,1.0,0.0,8.6144
exactly_slaves,0,1,1,-0.1369,0.0353,1,2,0.0,1.0,0.0,8.6144
exactly_skyborne,0,1,1,-0.1369,0.0353,1,2,0.0,1.0,0.0,8.6144
exactly_sizzling,0,1,1,-0.1369,0.0353,1,2,0.0,1.0,0.0,8.6144
so_encumbered,0,3,3,-0.1369,0.208,1,4,0.0,1.0,0.0,8.6144
seriously_culpable,0,1,1,-0.1369,0.0353,1,2,0.0,1.0,0.0,8.6144
hugely_cheap,0,1,1,-0.1369,0.0353,1,2,0.0,1.0,0.0,8.6144
fully_walkable,0,1,1,-0.1369,0.0353,1,2,0.0,1.0,0.0,8.6144
granite_inside,0,1,1,-0.1369,0.0353,1,2,0.0,1.0,0.0,8.6144
self-evidently_trustworthy,0,1,1,-0.1369,0.0353,1,2,0.0,1.0,0.0,8.6144
gonna_pretend,0,1,1,-0.1369,0.0353,1,2,0.0,1.0,0.0,8.6144
sensually_artful,0,1,1,-0.1369,0.0353,1,2,0.0,1.0,0.0,8.6144
gloriously_hot,0,1,1,-0.1369,0.0353,1,2,0.0,1.0,0.0,8.6144
seriously_competing,0,1,1,-0.1369,0.0353,1,2,0.0,1.0,0.0,8.6144
scientifically_obsolete,0,1,1,-0.1369,0.0353,1,2,0.0,1.0,0.0,8.6144
secretly_rearming,0,1,1,-0.1369,0.0353,1,2,0.0,1.0,0.0,8.6144
scientifically_qualified,0,1,1,-0.1369,0.0353,1,2,0.0,1.0,0.0,8.6144
sexually_perverted,0,1,1,-0.1369,0.0353,1,2,0.0,1.0,0.0,8.6144
fundamentally_equipped,0,1,1,-0.1369,0.0353,1,2,0.0,1.0,0.0,8.6144
simply_informational,0,1,1,-0.1369,0.0353,1,2,0.0,1.0,0.0,8.6144
fully_yours,0,1,1,-0.1369,0.0353,1,2,0.0,1.0,0.0,8.6144
simply_materialistic,0,1,1,-0.1369,0.0353,1,2,0.0,1.0,0.0,8.6144
similarly_vigilant,0,1,1,-0.1369,0.0353,1,2,0.0,1.0,0.0,8.6144
generally_distinctive,0,1,1,-0.1369,0.0353,1,2,0.0,1.0,0.0,8.6144
genuinely_easy,0,1,1,-0.1369,0.0353,1,2,0.0,1.0,0.0,8.6144
shiveringly_low,0,1,1,-0.1369,0.0353,1,2,0.0,1.0,0.0,8.6144
sexually_titillating,0,1,1,-0.1369,0.0353,1,2,0.0,1.0,0.0,8.6144
scientifically_sensible,0,1,1,-0.1369,0.0353,1,2,0.0,1.0,0.0,8.6144
genetically_valuable,0,1,1,-0.1369,0.0353,1,2,0.0,1.0,0.0,8.6144
genetically_shafted,0,1,1,-0.1369,0.0353,1,2,0.0,1.0,0.0,8.6144
genetically_realistic,0,1,1,-0.1369,0.0353,1,2,0.0,1.0,0.0,8.6144
genetically_one-sided,0,1,1,-0.1369,0.0353,1,2,0.0,1.0,0.0,8.6144
shimmeringly_clear,0,1,1,-0.1369,0.0353,1,2,0.0,1.0,0.0,8.6144
shrewdly_camera-ready,0,1,1,-0.1369,0.0353,1,2,0.0,1.0,0.0,8.6144
