hit_id,colloc,sent_text,neg_form,adv_form,adj_form,text_window,sent_id,prev_sent,token_str,lemma_str,next_sent,neg_lemma,adv_lemma,adj_lemma,neg_index,adv_index,adj_index,dep_neg_source,dep_neg_target,dep_neg_relation,dep_mod_source,dep_mod_target,dep_mod_relation,json_source,match_ix,category
nyt_eng_19991206_0151_38:2-3-4,particularly_fond,"I 'm not particularly fond of music in the O.R. , but if there is music , I prefer it to be classical _ especially the symphonies of Beethoven and Brahms _ and reasonably sedate .",not,particularly,fond,i 'm not particularly fond of music,nyt_eng_19991206_0151_38,"_ Theresa Quinn , ' 92 , surgical resident , University of California , San Francisco","i 'm not particularly fond of music in the O.R. , but if there is music , I prefer it to be classical _ especially the symphonies of Beethoven and Brahms _ and reasonably sedate .","I be not particularly fond of music in the O.R. , but if there be music , I prefer it to be classical _ especially the symphony of Beethoven and Brahms _ and reasonably sedate .","There 's a rhythm to operating , and it should n't be broken by anything that has a different rhythm .",not,particularly,fond,2,3,4,"{'lemma': 'fond', 'ix': 4, 'xpos': 'JJ', 'deprel': 'root', 'head': '.'}","{'lemma': 'not', 'ix': 2, 'xpos': 'RB', 'deprel': 'neg', 'head': 'fond'}",neg,"{'lemma': 'fond', 'ix': 4, 'xpos': 'JJ', 'deprel': 'root', 'head': '.'}","{'lemma': 'particularly', 'ix': 3, 'xpos': 'RB', 'deprel': 'advmod', 'head': 'fond'}",advmod,nyt_eng_199912,2-3-4,immediateNeg
nyt_eng_19991206_0151_24:4-5-6,quite_true,"Actually , that 's not quite true .",not,quite,true,that 's not quite true .,nyt_eng_19991206_0151_24,I listen to whatever the attendings damn well want .,"actually , that 's not quite true .","actually , that be not quite true .",It 's whatever the attendings want but the nurses do n't veto .,not,quite,true,4,5,6,"{'lemma': 'true', 'ix': 6, 'xpos': 'JJ', 'deprel': 'root', 'head': '.'}","{'lemma': 'not', 'ix': 4, 'xpos': 'RB', 'deprel': 'neg', 'head': 'true'}",neg,"{'lemma': 'true', 'ix': 6, 'xpos': 'JJ', 'deprel': 'root', 'head': '.'}","{'lemma': 'quite', 'ix': 5, 'xpos': 'RB', 'deprel': 'advmod', 'head': 'true'}",advmod,nyt_eng_199912,4-5-6,immediateNeg
nyt_eng_19991206_0145_49:3-4-5,about_lessoning,The theater is not about lessoning .,not,about,lessoning,theater is not about lessoning .,nyt_eng_19991206_0145_49,"-LBQ-  He kept saying , ` Valerie , we do not want a history lesson .",the theater is not about lessoning .,the theater be not about lessoning .,"It 's about moving people to laughter , to tears , to thoughts .",not,about,lessoning,3,4,5,"{'lemma': 'lessoning', 'ix': 5, 'xpos': 'JJ', 'deprel': 'root', 'head': '.'}","{'lemma': 'not', 'ix': 3, 'xpos': 'RB', 'deprel': 'neg', 'head': 'lessoning'}",neg,"{'lemma': 'lessoning', 'ix': 5, 'xpos': 'JJ', 'deprel': 'root', 'head': '.'}","{'lemma': 'about', 'ix': 4, 'xpos': 'RB', 'deprel': 'advmod', 'head': 'lessoning'}",advmod,nyt_eng_199912,3-4-5,immediateNeg
nyt_eng_19991206_0110_6:63-64-65,as_severe,"McGorry , who is the co-author of  -LBQ-  The Recognition and Management of Early Psychosis  -RDQ-  -LRB- Cambridge University Press , 1999 -RRB- , said his study had aroused little controversy in Australia , perhaps because that country has a more developed community network for treating mental illness in adolescents , and because the social consequences of a diagnosis of mental disorder are not as severe there .",not,as,severe,disorder are not as severe there .,nyt_eng_19991206_0110_6,-LBQ-  These patients are very much in touch .  -RDQ-,"McGorry , who is the co-author of `` The Recognition and Management of Early Psychosis '' -LRB- Cambridge University Press , 1999 -RRB- , said his study had aroused little controversy in Australia , perhaps because that country has a more developed community network for treating mental illness in adolescents , and because the social consequences of a diagnosis of mental disorder are not as severe there .","McGorry , who be the co-author of `` the Recognition and Management of Early Psychosis '' -lrb- Cambridge University Press , 1999 -rrb- , say he study had arouse little controversy in Australia , perhaps because that country have a more developed community network for treat mental illness in adolescent , and because the social consequence of a diagnosis of mental disorder be not as severe there .","Yet both he and McGlashan are well aware of the difficult questions their studies raise , and they have both gone to some lengths to address them .",not,as,severe,63,64,65,"{'lemma': 'severe', 'ix': 65, 'xpos': 'JJ', 'deprel': 'conj', 'head': 'arouse'}","{'lemma': 'not', 'ix': 63, 'xpos': 'RB', 'deprel': 'neg', 'head': 'severe'}",neg,"{'lemma': 'severe', 'ix': 65, 'xpos': 'JJ', 'deprel': 'conj', 'head': 'arouse'}","{'lemma': 'as', 'ix': 64, 'xpos': 'RB', 'deprel': 'advmod', 'head': 'severe'}",advmod,nyt_eng_199912,63-64-65,immediateNeg
nyt_eng_19991206_0101_2:17-18-19,only_popular,"But to the surprise of professional dietitians , many of these sites have turned out to be not only popular but effective .",not,only,popular,to be not only popular but effective,nyt_eng_19991206_0101_2,It was probably inevitable that the World Wide Web would bloom with sites for dieters .,"but to the surprise of professional dietitians , many of these sites have turned out to be not only popular but effective .","but to the surprise of professional dietitian , many of these site have turn out to be not only popular but effective .","From fee-based ventures like eDiets.com to free ones like Cyberdiet.com , a cornucopia of sites has sprung up in the last year or two to provide nutrition and diet advice .",not,only,popular,17,18,19,"{'lemma': 'popular', 'ix': 19, 'xpos': 'JJ', 'deprel': 'xcomp', 'head': 'turn'}","{'lemma': 'not', 'ix': 17, 'xpos': 'RB', 'deprel': 'neg', 'head': 'popular'}",neg,"{'lemma': 'popular', 'ix': 19, 'xpos': 'JJ', 'deprel': 'xcomp', 'head': 'turn'}","{'lemma': 'only', 'ix': 18, 'xpos': 'RB', 'deprel': 'advmod', 'head': 'popular'}",advmod,nyt_eng_199912,17-18-19,immediateNeg
nyt_eng_19991206_0100_2:17-18-19,only_popular,"But to the surprise of professional dietitians , many of these sites have turned out to be not only popular but effective .",not,only,popular,to be not only popular but effective,nyt_eng_19991206_0100_2,It was probably inevitable that the World Wide Web would bloom with sites for dieters .,"but to the surprise of professional dietitians , many of these sites have turned out to be not only popular but effective .","but to the surprise of professional dietitian , many of these site have turn out to be not only popular but effective .","From fee-based ventures like eDiets.com to free ones like Cyberdiet.com , a cornucopia of sites has sprung up in the last year or two to provide nutrition and diet advice .",not,only,popular,17,18,19,"{'lemma': 'popular', 'ix': 19, 'xpos': 'JJ', 'deprel': 'xcomp', 'head': 'turn'}","{'lemma': 'not', 'ix': 17, 'xpos': 'RB', 'deprel': 'neg', 'head': 'popular'}",neg,"{'lemma': 'popular', 'ix': 19, 'xpos': 'JJ', 'deprel': 'xcomp', 'head': 'turn'}","{'lemma': 'only', 'ix': 18, 'xpos': 'RB', 'deprel': 'advmod', 'head': 'popular'}",advmod,nyt_eng_199912,17-18-19,immediateNeg
nyt_eng_19991206_0093_7:0-15-16,as_cold,"Without it , the relatively mild climate of England , for instance , might be as cold as that of northern Canada .",without,as,cold,"without it , the relatively mild climate of England , for instance , might be as cold as that",nyt_eng_19991206_0093_7,It is replaced by warm water from the tropics that warms the North Atlantic region .,"without it , the relatively mild climate of England , for instance , might be as cold as that of northern Canada .","without it , the relatively mild climate of England , for instance , might be as cold as that of northern Canada .",The worry is that a great influx of fresh water from the thawing Arctic might dilute the salty current and so either halt or weaken the heat-bearing conveyor belt .,without,as,cold,0,15,16,"{'lemma': 'cold', 'ix': 16, 'xpos': 'JJ', 'deprel': 'root', 'head': '.'}","{'lemma': 'without', 'ix': 0, 'xpos': 'IN', 'deprel': 'prep', 'head': 'cold'}",prep,"{'lemma': 'cold', 'ix': 16, 'xpos': 'JJ', 'deprel': 'root', 'head': '.'}","{'lemma': 'as', 'ix': 15, 'xpos': 'RB', 'deprel': 'advmod', 'head': 'cold'}",advmod,nyt_eng_199912,0-15-16,immediateNeg
nyt_eng_19991206_0086_15:4-5-6,as_effective,"The pendulum approach is not as effective as the data-based technique , but the latter is poor at ignoring flapping clothing , such as skirts , when analyzing a gait .",not,as,effective,approach is not as effective as the,nyt_eng_19991206_0086_15,"At present , both techniques have their drawbacks .","the pendulum approach is not as effective as the data-based technique , but the latter is poor at ignoring flapping clothing , such as skirts , when analyzing a gait .","the pendulum approach be not as effective as the data-based technique , but the latter be poor at ignore flap clothing , such as skirt , when analyze a gait .","Funding permitting , the Southampton team say it would take them six months to develop an analysis system that draws on the strengths of both systems .",not,as,effective,4,5,6,"{'lemma': 'effective', 'ix': 6, 'xpos': 'JJ', 'deprel': 'root', 'head': '.'}","{'lemma': 'not', 'ix': 4, 'xpos': 'RB', 'deprel': 'neg', 'head': 'effective'}",neg,"{'lemma': 'effective', 'ix': 6, 'xpos': 'JJ', 'deprel': 'root', 'head': '.'}","{'lemma': 'as', 'ix': 5, 'xpos': 'RB', 'deprel': 'advmod', 'head': 'effective'}",advmod,nyt_eng_199912,4-5-6,immediateNeg
nyt_eng_19991206_0068_40:17-18-19,only_popular,"But to the surprise of professional dietitians , many of these sites have turned out to be not only popular but effective .",not,only,popular,to be not only popular but effective,nyt_eng_19991206_0068_40,the World Wide Web would bloom with sites for dieters .,"but to the surprise of professional dietitians , many of these sites have turned out to be not only popular but effective .","but to the surprise of professional dietitian , many of these site have turn out to be not only popular but effective .",By David Rampe .,not,only,popular,17,18,19,"{'lemma': 'popular', 'ix': 19, 'xpos': 'JJ', 'deprel': 'xcomp', 'head': 'turn'}","{'lemma': 'not', 'ix': 17, 'xpos': 'RB', 'deprel': 'neg', 'head': 'popular'}",neg,"{'lemma': 'popular', 'ix': 19, 'xpos': 'JJ', 'deprel': 'xcomp', 'head': 'turn'}","{'lemma': 'only', 'ix': 18, 'xpos': 'RB', 'deprel': 'advmod', 'head': 'popular'}",advmod,nyt_eng_199912,17-18-19,immediateNeg
nyt_eng_19991206_0059_19:3-6-7,more_shrewd,"There will probably never be one more shrewd or lyrical than John Bayley 's  -LBQ-  Elegy for Iris  -RDQ-  -LRB- St. Martin 's , $ 22.95 -RRB- , about his late wife , novelist Iris Murdoch .",never,more,shrewd,will probably never be one more shrewd or lyrical,nyt_eng_19991206_0059_19,"Alzheimer 's disease and its griefs have elicited many books , especially about the experience of the loving caregiver .","there will probably never be one more shrewd or lyrical than John Bayley 's `` Elegy for Iris '' -LRB- St. Martin 's , $ 22.95 -RRB- , about his late wife , novelist Iris Murdoch .","there will probably never be one more shrewd or lyrical than John Bayley 's `` Elegy for Iris '' -lrb- St. Martin 's , $ 22.95 -rrb- , about he late wife , novelist Iris Murdoch .",The book is divided into  -LBQ-  Then  -RDQ-  and  -LBQ-  Now  -RDQ-  _ the first half recalls their courtship and early-to-middle married life ; the second describes Murdoch 's decline and Bayley 's determination to care for her himself as long as he could .,never,more,shrewd,3,6,7,"{'lemma': 'shrewd', 'ix': 7, 'xpos': 'JJ', 'deprel': 'root', 'head': '.'}","{'lemma': 'never', 'ix': 3, 'xpos': 'RB', 'deprel': 'neg', 'head': 'shrewd'}",neg,"{'lemma': 'shrewd', 'ix': 7, 'xpos': 'JJ', 'deprel': 'root', 'head': '.'}","{'lemma': 'more', 'ix': 6, 'xpos': 'RBR', 'deprel': 'advmod', 'head': 'shrewd'}",advmod,nyt_eng_199912,3-6-7,immediateNeg
nyt_eng_19991206_0052_10:9-10-11,that_discerning,"A. Well , maybe your Schnauzer 's schnoz is n't that discerning , but Dr. Larry Myers , of the Veterinary School at Auburn University , says dogs are at the top of the animal kingdom -LRB- along with rats -RRB- when it comes to their ability to smell .",n't,that,discerning,"schnoz is n't that discerning , but",nyt_eng_19991206_0052_10,-LRB- end poetry style -RRB-,"A. Well , maybe your Schnauzer 's schnoz is n't that discerning , but Dr. Larry Myers , of the Veterinary School at Auburn University , says dogs are at the top of the animal kingdom -LRB- along with rats -RRB- when it comes to their ability to smell .","A. Well , maybe you schnauzer 's schnoz be not that discerning , but Dr. Larry Myers , of the veterinary School at Auburn University , say dog be at the top of the animal kingdom -lrb- along with rat -rrb- when it come to they ability to smell .","He says in one test , dogs were 1,000 times better at smelling a test odor than humans .",n't,that,discerning,9,10,11,"{'lemma': 'discerning', 'ix': 11, 'xpos': 'JJ', 'deprel': 'root', 'head': '.'}","{'lemma': 'not', 'ix': 9, 'xpos': 'RB', 'deprel': 'neg', 'head': 'discerning'}",neg,"{'lemma': 'discerning', 'ix': 11, 'xpos': 'JJ', 'deprel': 'root', 'head': '.'}","{'lemma': 'that', 'ix': 10, 'xpos': 'RB', 'deprel': 'advmod', 'head': 'discerning'}",advmod,nyt_eng_199912,9-10-11,immediateNeg
nyt_eng_19991206_0047_26:3-4-5,really_interested,But Stern is n't really interested in rants .,n't,really,interested,Stern is n't really interested in rants,nyt_eng_19991206_0047_26,"Stern does not spend a lot of time mixing it up with the antismoking commandos , though she believes their campaign  -LBQ-  operates within an economy of moralism , with a rhetoric of abhorrence that appeals to the ` common good , '  -RDQ-  and that  -LBQ-  smokers are made to feel socially guilty , as though acting criminally against the common good .  -RDQ-",but Stern is n't really interested in rants .,but Stern be not really interested in rant .,"Instead , she has fashioned a book with the dexterity of a jazz riff and the ethereal beauty of a smoke ring .",n't,really,interested,3,4,5,"{'lemma': 'interested', 'ix': 5, 'xpos': 'JJ', 'deprel': 'root', 'head': '.'}","{'lemma': 'not', 'ix': 3, 'xpos': 'RB', 'deprel': 'neg', 'head': 'interested'}",neg,"{'lemma': 'interested', 'ix': 5, 'xpos': 'JJ', 'deprel': 'root', 'head': '.'}","{'lemma': 'really', 'ix': 4, 'xpos': 'RB', 'deprel': 'advmod', 'head': 'interested'}",advmod,nyt_eng_199912,3-4-5,immediateNeg
nyt_eng_19991206_0046_35:2-3-4,quite_true,This was n't quite true ; Edison died a millionaire .,n't,quite,true,this was n't quite true ; Edison,nyt_eng_19991206_0046_35,"His friend and admirer , Henry Ford , called Edison  -LBQ-  the world 's greatest inventor and worst businessman .  -RDQ-",this was n't quite true ; Edison died a millionaire .,this be not quite true ; Edison die a millionaire .,"But , as Paul Israel , editor of the Edison papers at Rutgers University , says ,  -LBQ-  He was interested in solving technical problems and bringing them to market ; he was n't interested in running a business .  -RDQ-",n't,quite,true,2,3,4,"{'lemma': 'true', 'ix': 4, 'xpos': 'JJ', 'deprel': 'root', 'head': '.'}","{'lemma': 'not', 'ix': 2, 'xpos': 'RB', 'deprel': 'neg', 'head': 'true'}",neg,"{'lemma': 'true', 'ix': 4, 'xpos': 'JJ', 'deprel': 'root', 'head': '.'}","{'lemma': 'quite', 'ix': 3, 'xpos': 'RB', 'deprel': 'advmod', 'head': 'true'}",advmod,nyt_eng_199912,2-3-4,immediateNeg
nyt_eng_19991206_0045_12:4-5-6,as_far-reaching,The proposed standard is not as far-reaching as it could have been .,not,as,far-reaching,standard is not as far-reaching as it,nyt_eng_19991206_0045_12,"Construction , maritime , and agricultural industry workers would be excluded .",the proposed standard is not as far-reaching as it could have been .,the propose standard be not as far-reaching as it could have be .,"Overall , it would apply to only 25 percent of general industry employers ; the other 75 percent would not be affected unless a documented , work-related injury occurred at their work sites .",not,as,far-reaching,4,5,6,"{'lemma': 'far-reaching', 'ix': 6, 'xpos': 'JJ', 'deprel': 'root', 'head': '.'}","{'lemma': 'not', 'ix': 4, 'xpos': 'RB', 'deprel': 'neg', 'head': 'far-reaching'}",neg,"{'lemma': 'far-reaching', 'ix': 6, 'xpos': 'JJ', 'deprel': 'root', 'head': '.'}","{'lemma': 'as', 'ix': 5, 'xpos': 'RB', 'deprel': 'advmod', 'head': 'far-reaching'}",advmod,nyt_eng_199912,4-5-6,immediateNeg
nyt_eng_19991206_0026_46:10-11-12,so_bad,"Janis has her points , too  -COL-   -LBQ-  Acting is n't so bad as long as you always know the difference , and can drop the act or mask at will .  -RDQ-",n't,so,bad,Acting is n't so bad as long,nyt_eng_19991206_0026_46,"-LBQ-  Gary Cooper Off Camera  -RDQ-  is an affectionate photographic memoir of the American screen icon by his daughter Maria Cooper Janis -LRB- Abrams , $ 35.00 -RRB- , with a quiet and telling introduction about screen acting by Tom Hanks .","Janis has her points , too : `` Acting is n't so bad as long as you always know the difference , and can drop the act or mask at will . ''","Janis have she point , too : `` acting be not so bad as long as you always know the difference , and can drop the act or mask at will . ''",Two other Hollywood books are fun .,n't,so,bad,10,11,12,"{'lemma': 'bad', 'ix': 12, 'xpos': 'JJ', 'deprel': 'ccomp', 'head': 'have'}","{'lemma': 'not', 'ix': 10, 'xpos': 'RB', 'deprel': 'neg', 'head': 'bad'}",neg,"{'lemma': 'bad', 'ix': 12, 'xpos': 'JJ', 'deprel': 'ccomp', 'head': 'have'}","{'lemma': 'so', 'ix': 11, 'xpos': 'RB', 'deprel': 'advmod', 'head': 'bad'}",advmod,nyt_eng_199912,10-11-12,immediateNeg
nyt_eng_19991206_0018_22:33-35-36,any_easier,"But there 's an excellent chance that they are , because the structural transformations in the world oil market are real , and so too is the fact that running a cartel has not gotten any easier in the past couple of years .",not,any,easier,cartel has not gotten any easier in the,nyt_eng_19991206_0018_22,There 's no guarantee that the oil companies are right .,"but there 's an excellent chance that they are , because the structural transformations in the world oil market are real , and so too is the fact that running a cartel has not gotten any easier in the past couple of years .","but there be a excellent chance that they be , because the structural transformation in the world oil market be real , and so too be the fact that run a cartel has not get any easier in the past couple of year .",Price-fixing cartels can work quite well in the short term .,not,any,easier,33,35,36,"{'lemma': 'easier', 'ix': 36, 'xpos': 'JJR', 'deprel': 'ccomp', 'head': 'fact'}","{'lemma': 'not', 'ix': 33, 'xpos': 'RB', 'deprel': 'neg', 'head': 'easier'}",neg,"{'lemma': 'easier', 'ix': 36, 'xpos': 'JJR', 'deprel': 'ccomp', 'head': 'fact'}","{'lemma': 'any', 'ix': 35, 'xpos': 'RB', 'deprel': 'advmod', 'head': 'easier'}",advmod,nyt_eng_199912,33-35-36,immediateNeg
nyt_eng_19991201_0104_8:12-13-14,too_high,"Jake Winebaum , a co-founder of Ecompanies , said the price was not too high for a brand name , given that Web-based companies are spending more than $ 1 million for a 30-second commercial during the Super Bowl to make their names known .",not,too,high,price was not too high for a,nyt_eng_19991201_0104_8,It will use the name for what it says will be a broad directory of Web services available to businesses that it plans to start next year .,"Jake Winebaum , a co-founder of Ecompanies , said the price was not too high for a brand name , given that Web-based companies are spending more than $ 1 million for a 30-second commercial during the Super Bowl to make their names known .","Jake Winebaum , a co-founder of Ecompanies , say the price be not too high for a brand name , give that web-based company are spend more than $ 1 million for a 30-second commercial during the Super Bowl to make they name know .","-LBQ-  We actually think the name means a lot ,  -RDQ-  said Winebaum , who ran Walt Disney Co. 's Web business before starting Ecompanies earlier this year with Sky Dayton , the founder of Earthlink Network , an Internet service provider .",not,too,high,12,13,14,"{'lemma': 'high', 'ix': 14, 'xpos': 'JJ', 'deprel': 'ccomp', 'head': 'say'}","{'lemma': 'not', 'ix': 12, 'xpos': 'RB', 'deprel': 'neg', 'head': 'high'}",neg,"{'lemma': 'high', 'ix': 14, 'xpos': 'JJ', 'deprel': 'ccomp', 'head': 'say'}","{'lemma': 'too', 'ix': 13, 'xpos': 'RB', 'deprel': 'advmod', 'head': 'high'}",advmod,nyt_eng_199912,12-13-14,immediateNeg
nyt_eng_19991201_0088_7:4-6-7,so_insignificant,"But the question may not be so insignificant to investors in the Web sites , which include Launch Media , NetRadio , SonicNet -LRB- owned by Viacom 's MTV -RRB- and Spinner.com -LRB- owned by America Online -RRB- .",not,so,insignificant,question may not be so insignificant to investors,nyt_eng_19991201_0088_7,"Because the sites are permitted to continue playing music until arbitration is completed , the issue may seem insignificant to the growing number of Internet listeners .","but the question may not be so insignificant to investors in the Web sites , which include Launch Media , NetRadio , SonicNet -LRB- owned by Viacom 's MTV -RRB- and Spinner.com -LRB- owned by America Online -RRB- .","but the question may not be so insignificant to investor in the Web site , which include Launch Media , NetRadio , SonicNet -lrb- own by Viacom 's MTV -rrb- and Spinner.com -lrb- own by America Online -rrb- .",The royalty fees paid to the record industry ultimately could become a substantial business expense .,not,so,insignificant,4,6,7,"{'lemma': 'insignificant', 'ix': 7, 'xpos': 'JJ', 'deprel': 'root', 'head': '.'}","{'lemma': 'not', 'ix': 4, 'xpos': 'RB', 'deprel': 'neg', 'head': 'insignificant'}",neg,"{'lemma': 'insignificant', 'ix': 7, 'xpos': 'JJ', 'deprel': 'root', 'head': '.'}","{'lemma': 'so', 'ix': 6, 'xpos': 'RB', 'deprel': 'advmod', 'head': 'insignificant'}",advmod,nyt_eng_199912,4-6-7,immediateNeg
nyt_eng_19991201_0087_35:4-6-7,completely_ready,"them report they are not yet completely ready ,  -RDQ-  said Edward Yardeni , the Deutsche Bank economist who has predicted that year 2000 computer disruptions are likely to lead to a worldwide recession next year .",not,completely,ready,"they are not yet completely ready , ''",nyt_eng_19991201_0087_35,-LBQ-  Y2K experts remain remarkably optimistic even though many of,"them report they are not yet completely ready , '' said Edward Yardeni , the Deutsche Bank economist who has predicted that year 2000 computer disruptions are likely to lead to a worldwide recession next year .","they report they be not yet completely ready , '' say Edward Yardeni , the Deutsche Bank economist who has predict that year 2000 computer disruption be likely to lead to a worldwide recession next year .","The latest poll results , which will be released today , show the",not,completely,ready,4,6,7,"{'lemma': 'ready', 'ix': 7, 'xpos': 'JJ', 'deprel': 'ccomp', 'head': 'report'}","{'lemma': 'not', 'ix': 4, 'xpos': 'RB', 'deprel': 'neg', 'head': 'ready'}",neg,"{'lemma': 'ready', 'ix': 7, 'xpos': 'JJ', 'deprel': 'ccomp', 'head': 'report'}","{'lemma': 'completely', 'ix': 6, 'xpos': 'RB', 'deprel': 'advmod', 'head': 'ready'}",advmod,nyt_eng_199912,4-6-7,immediateNeg
nyt_eng_19991201_0085_5:24-25-26,so_easy,"Right now I 'm at the hotel bar , nursing a glass of the local wine and trying to make friends , which is not so easy where there 's hardly any English spoken .",not,so,easy,which is not so easy where there,nyt_eng_19991201_0085_5,"AIX-EN-PROVENCE , France _ Here I am in a town called Aix , as in  -LBQ-  X  -RDQ-  marks the spot , at a hotel named Le Pigonnet , as in  -LBQ-  Voila ! Here comes another of zee fat pigeons for us to pluck .  -RDQ-","right now I 'm at the hotel bar , nursing a glass of the local wine and trying to make friends , which is not so easy where there 's hardly any English spoken .","right now I be at the hotel bar , nurse a glass of the local wine and try to make friend , which be not so easy where there be hardly any english spoken .","Meanwhile , my wife is in our room , nursing a headache , most likely lying down with a cold washcloth on her forehead and the drapes closed .",not,so,easy,24,25,26,"{'lemma': 'easy', 'ix': 26, 'xpos': 'JJ', 'deprel': 'rcmod', 'head': 'friend'}","{'lemma': 'not', 'ix': 24, 'xpos': 'RB', 'deprel': 'neg', 'head': 'easy'}",neg,"{'lemma': 'easy', 'ix': 26, 'xpos': 'JJ', 'deprel': 'rcmod', 'head': 'friend'}","{'lemma': 'so', 'ix': 25, 'xpos': 'RB', 'deprel': 'advmod', 'head': 'easy'}",advmod,nyt_eng_199912,24-25-26,immediateNeg
nyt_eng_19991201_0072_79:7-13-14,more_correct,Is n't that an oxymoron ? Would n't  -LBQ-  neutral stance  -RDQ-  be more correct ?,n't,more,correct,? Would n't `` neutral stance '' be more correct ?,nyt_eng_19991201_0072_79,Q  -COL-  I read that the Federal Reserve instituted a  -LBQ-  neutral bias  -RDQ-  toward interest rates .,is n't that an oxymoron ? Would n't `` neutral stance '' be more correct ?,be not that a oxymoron ? would not `` neutral stance '' be more correct ?,"A  -COL-  It may sound oxymoronic , but it 's the conventional phrase used to describe the Fed 's deliberate decision not to lean one way or the other on interest rates .",n't,more,correct,7,13,14,"{'lemma': 'correct', 'ix': 14, 'xpos': 'JJ', 'deprel': 'dep', 'head': 'oxymoron'}","{'lemma': 'not', 'ix': 7, 'xpos': 'RB', 'deprel': 'neg', 'head': 'correct'}",neg,"{'lemma': 'correct', 'ix': 14, 'xpos': 'JJ', 'deprel': 'dep', 'head': 'oxymoron'}","{'lemma': 'more', 'ix': 13, 'xpos': 'RBR', 'deprel': 'advmod', 'head': 'correct'}",advmod,nyt_eng_199912,7-13-14,immediateNeg
nyt_eng_19991201_0072_20:12-13-14,any_brighter,"While NHTSA confirms that the new headlights meet all requirements and are n't any brighter than old ones , glare can be a problem .",n't,any,brighter,and are n't any brighter than old,nyt_eng_19991201_0072_20,"As explained in the April issue of Consumer Reports , both the National Highway Traffic Safety Administration and the American Automobile Association have reported mounting complaints from motorists who , like you , find the lights distracting , especially head-on .","while NHTSA confirms that the new headlights meet all requirements and are n't any brighter than old ones , glare can be a problem .","while NHTSA confirm that the new headlight meet all requirement and be not any brighter than old one , glare can be a problem .",The sharp contrast between lit and unlit areas also may give oncoming motorists a temporary sense of being blinded .,n't,any,brighter,12,13,14,"{'lemma': 'brighter', 'ix': 14, 'xpos': 'JJR', 'deprel': 'conj', 'head': 'meet'}","{'lemma': 'not', 'ix': 12, 'xpos': 'RB', 'deprel': 'neg', 'head': 'brighter'}",neg,"{'lemma': 'brighter', 'ix': 14, 'xpos': 'JJR', 'deprel': 'conj', 'head': 'meet'}","{'lemma': 'any', 'ix': 13, 'xpos': 'RB', 'deprel': 'advmod', 'head': 'brighter'}",advmod,nyt_eng_199912,12-13-14,immediateNeg
nyt_eng_19991201_0056_43:11-12-13,always_good,"Now , of course what is good for the individual is not always good if everyone else does it too .",not,always,good,individual is not always good if everyone,nyt_eng_19991201_0056_43,"Wearing a suit and working at a computer in an office tower are , believe it or not , preferable to backbreaking work in a rice paddy .","now , of course what is good for the individual is not always good if everyone else does it too .","now , of course what be good for the individual be not always good if everyone else do it too .","Having a big house with a garden is nice , but seeing the countryside covered by suburban sprawl is not , and we might all be better off if we could all agree -LRB- or be convinced by tax incentives -RRB- to take up a bit less space .",not,always,good,11,12,13,"{'lemma': 'good', 'ix': 13, 'xpos': 'JJ', 'deprel': 'root', 'head': '.'}","{'lemma': 'not', 'ix': 11, 'xpos': 'RB', 'deprel': 'neg', 'head': 'good'}",neg,"{'lemma': 'good', 'ix': 13, 'xpos': 'JJ', 'deprel': 'root', 'head': '.'}","{'lemma': 'always', 'ix': 12, 'xpos': 'RB', 'deprel': 'advmod', 'head': 'good'}",advmod,nyt_eng_199912,11-12-13,immediateNeg
nyt_eng_19991201_0051_11:2-3-4,too_old,You 're never too old .  -RDQ-,never,too,old,you 're never too old . '',nyt_eng_19991201_0051_11,"Hopefully , it 'll be somewhat of an inspiration to these other aspiring drivers , owners , crew chiefs and crew members alike , that if you work hard and dedicate yourself to what you 're doing , then you can become champions .",you 're never too old . '',you be never too old . '',"Jarrett , driver of the No. 88 Quality Care Service\/Ford Credit Taurus , won four races in 34 starts this year .",never,too,old,2,3,4,"{'lemma': 'old', 'ix': 4, 'xpos': 'JJ', 'deprel': 'root', 'head': ""''""}","{'lemma': 'never', 'ix': 2, 'xpos': 'RB', 'deprel': 'neg', 'head': 'old'}",neg,"{'lemma': 'old', 'ix': 4, 'xpos': 'JJ', 'deprel': 'root', 'head': ""''""}","{'lemma': 'too', 'ix': 3, 'xpos': 'RB', 'deprel': 'advmod', 'head': 'old'}",advmod,nyt_eng_199912,2-3-4,immediateNeg
nyt_eng_19991201_0033_2:9-11-12,much_harder,"But in a lot of ways , it does n't get much harder , either .",n't,much,harder,"it does n't get much harder , either",nyt_eng_19991201_0033_2,"From the anger-filled intensity of Canada 's boorish reception to the trapdoor welcome mat Jason Kidd will have rolled out in the desert , Steve Francis just moves on to the next hurdle .","but in a lot of ways , it does n't get much harder , either .","but in a lot of way , it does not get much harder , either .","As his career unfolds over the next decade , there will surely not be many nights like Monday , when he was treated slightly better than an ax murderer by a Vancouver crowd that for a while had a lot of good , clean , pumped-up fun and then eventually stepped over the line .",n't,much,harder,9,11,12,"{'lemma': 'harder', 'ix': 12, 'xpos': 'JJR', 'deprel': 'root', 'head': '.'}","{'lemma': 'not', 'ix': 9, 'xpos': 'RB', 'deprel': 'neg', 'head': 'harder'}",neg,"{'lemma': 'harder', 'ix': 12, 'xpos': 'JJR', 'deprel': 'root', 'head': '.'}","{'lemma': 'much', 'ix': 11, 'xpos': 'RB', 'deprel': 'advmod', 'head': 'harder'}",advmod,nyt_eng_199912,9-11-12,immediateNeg
nyt_eng_19991201_0032_32:21-22-23,necessarily_decisive,Gladchuk says head coaching experience at the Division I-Alevel  -LBQ-  would be another feather in the cap  -RDQ-  for candidates but not necessarily decisive .,not,necessarily,decisive,candidates but not necessarily decisive .,nyt_eng_19991201_0032_32,"It seemingly will not do so with Rodriguez , who could expect to receive that much , or slightly more , at Tech as Spike Dykes ' successor .",Gladchuk says head coaching experience at the Division I-Alevel `` would be another feather in the cap '' for candidates but not necessarily decisive .,Gladchuk say head coaching experience at the Division I-Alevel `` would be another feather in the cap '' for candidate but not necessarily decisive .,"-LBQ-  I 'm not precluding anyone ,  -RDQ-  he says .",not,necessarily,decisive,21,22,23,"{'lemma': 'decisive', 'ix': 23, 'xpos': 'JJ', 'deprel': 'conj', 'head': 'feather'}","{'lemma': 'not', 'ix': 21, 'xpos': 'RB', 'deprel': 'neg', 'head': 'decisive'}",neg,"{'lemma': 'decisive', 'ix': 23, 'xpos': 'JJ', 'deprel': 'conj', 'head': 'feather'}","{'lemma': 'necessarily', 'ix': 22, 'xpos': 'RB', 'deprel': 'advmod', 'head': 'decisive'}",advmod,nyt_eng_199912,21-22-23,immediateNeg
nyt_eng_19991201_0032_1:33-34-35,readily_apparent,"Remember , however , that Yeoman 's qualities _ burnished first on Earl Blaik 's Army staff that also included Vince Lombardi , then honed by Duffy Daugherty at Michigan State _ were not readily apparent in wins and losses after Yeoman 's arrival at UH .",not,readily,apparent,_ were not readily apparent in wins,nyt_eng_19991201_0032_1,,"remember , however , that Yeoman 's qualities _ burnished first on Earl Blaik 's Army staff that also included Vince Lombardi , then honed by Duffy Daugherty at Michigan State _ were not readily apparent in wins and losses after Yeoman 's arrival at UH .","remember , however , that Yeoman 's quality _ burnish first on Earl Blaik 's Army staff that also include Vince Lombardi , then hone by Duffy Daugherty at Michigan State _ be not readily apparent in win and loss after Yeoman 's arrival at UH .","In fact , Yeoman and the athletic director who hired him , the late Harry Fouke , were both hung in effigy during 2-8 and 2-6-1 campaigns in Yeoman 's second and third seasons .",not,readily,apparent,33,34,35,"{'lemma': 'apparent', 'ix': 35, 'xpos': 'JJ', 'deprel': 'ccomp', 'head': 'remember'}","{'lemma': 'not', 'ix': 33, 'xpos': 'RB', 'deprel': 'neg', 'head': 'apparent'}",neg,"{'lemma': 'apparent', 'ix': 35, 'xpos': 'JJ', 'deprel': 'ccomp', 'head': 'remember'}","{'lemma': 'readily', 'ix': 34, 'xpos': 'RB', 'deprel': 'advmod', 'head': 'apparent'}",advmod,nyt_eng_199912,33-34-35,immediateNeg
nyt_eng_19991201_0011_4:9-10-11,altogether_unexpected,"Despite two years of planning , the glitches are not altogether unexpected .",not,altogether,unexpected,glitches are not altogether unexpected .,nyt_eng_19991201_0011_4,"The party 's planning committee also has met behind closed doors since July , skirting the Arizona Open Meeting Law , even though it 's spending $ 525,000 of city money .","despite two years of planning , the glitches are not altogether unexpected .","despite two year of planning , the glitch be not altogether unexpected .","The New Year 's Eve party will feature 34 bands , including the Gin Blossoms , Three Dog Night and Waylon Jennings , on three stages in downtown Phoenix .",not,altogether,unexpected,9,10,11,"{'lemma': 'unexpected', 'ix': 11, 'xpos': 'JJ', 'deprel': 'root', 'head': '.'}","{'lemma': 'not', 'ix': 9, 'xpos': 'RB', 'deprel': 'neg', 'head': 'unexpected'}",neg,"{'lemma': 'unexpected', 'ix': 11, 'xpos': 'JJ', 'deprel': 'root', 'head': '.'}","{'lemma': 'altogether', 'ix': 10, 'xpos': 'RB', 'deprel': 'advmod', 'head': 'unexpected'}",advmod,nyt_eng_199912,9-10-11,immediateNeg
nyt_eng_19991201_0007_23:2-3-4,so_sure,Napolitano was not so sure .,not,so,sure,Napolitano was not so sure .,nyt_eng_19991201_0007_23,"-LBQ-  It is our intention to comply with the letter and the spirit of the master settlement in every aspect ,  -RDQ-  he said .",Napolitano was not so sure .,Napolitano be not so sure .,"-LBQ-  These are thinly disguised efforts to target youth ,  -RDQ-  she said .",not,so,sure,2,3,4,"{'lemma': 'sure', 'ix': 4, 'xpos': 'JJ', 'deprel': 'root', 'head': '.'}","{'lemma': 'not', 'ix': 2, 'xpos': 'RB', 'deprel': 'neg', 'head': 'sure'}",neg,"{'lemma': 'sure', 'ix': 4, 'xpos': 'JJ', 'deprel': 'root', 'head': '.'}","{'lemma': 'so', 'ix': 3, 'xpos': 'RB', 'deprel': 'advmod', 'head': 'sure'}",advmod,nyt_eng_199912,2-3-4,immediateNeg
